raceId,driverId,stop,pit_lap,year,round,circuit_name,race_position,lap_time_ms,constructorId,grid_position,constructor_name,driver_champ_points,constructor_champ_points,personal_best_ms,lap_time_delta,prev_pit_lap,laps_since_last_pit,max_lap,laps_remaining,driverId_ahead,approx_gap_ahead,driverId_behind,approx_gap_behind,tyre_deg_slope_ms_per_lap,rival_ahead_just_pitted,rival_behind_just_pitted,strategy
1007,830,2,48,2018,19,Autódromo Hermanos Rodríguez,1,84301,9,2,Red Bull,191.0,337.0,79186,5115,13,35,71,23,,15.0,817.0,15.0,864.9000000000042,0,0,Standard
1107,848,2,14,2023,9,Red Bull Ring,10,80648,3,10,Williams,7.0,7.0,69560,11088,2,12,71,57,815.0,1.777,847.0,0.668,1847.9000000000003,0,0,Standard
1047,825,1,31,2020,17,Yas Marina Circuit,19,108161,210,20,Haas F1 Team,1.0,3.0,101999,6162,0,31,55,24,841.0,0.996,,15.0,371.7000000000114,0,0,Undercut
914,820,1,2,2014,15,Suzuka Circuit,20,195235,206,21,Marussia,0.0,2.0,116472,78763,0,2,44,42,818.0,2.463,813.0,9.389,-5000.0,0,0,Emergency
906,20,1,15,2014,7,Circuit Gilles Villeneuve,7,97188,9,3,Red Bull,45.0,99.0,79171,18017,0,15,70,55,807.0,3.219,813.0,3.758,3197.0000000000105,0,0,Standard
957,830,2,18,2016,10,Silverstone Circuit,1,104770,9,3,Red Bull,72.0,168.0,96407,8363,7,11,52,34,,15.0,1.0,12.901,-1750.9000000000153,0,1,Standard
1134,822,1,11,2024,14,Circuit de Spa-Francorchamps,11,115226,15,14,Sauber,0.0,0.0,107019,8207,0,11,44,33,847.0,0.501,825.0,0.845,754.0,1,0,Undercut
1101,847,2,49,2023,4,Baku City Circuit,8,112152,131,11,Mercedes,18.0,56.0,103370,8782,11,38,51,2,840.0,7.318,839.0,15.0,1280.49999999999,0,0,Standard
940,834,2,33,2015,14,Suzuka Circuit,18,104654,209,19,Manor Marussia,0.0,0.0,101467,3187,22,11,53,20,831.0,15.0,13.0,7.173,318.2999999999952,0,0,Standard
1130,4,1,19,2024,10,Circuit de Barcelona-Catalunya,10,85298,117,10,Aston Martin,41.0,58.0,78334,6964,0,19,66,47,839.0,0.515,815.0,0.956,655.6000000000053,0,0,Undercut
950,836,3,43,2016,3,Shanghai International Circuit,17,109444,209,21,Manor Marussia,0.0,0.0,101489,7955,27,16,56,13,828.0,11.168,154.0,5.06,1230.5000000000055,0,0,Standard
1109,857,1,18,2023,11,Hungaroring,2,87253,1,4,McLaren,17.0,59.0,82736,4517,0,18,70,52,830.0,11.419,815.0,9.758,398.79999999999717,0,0,Standard
1131,840,1,20,2024,11,Red Bull Ring,11,76301,117,17,Aston Martin,17.0,58.0,70143,6158,0,20,71,51,807.0,0.163,825.0,0.878,790.8000000000031,0,0,Undercut
1117,844,1,31,2023,19,Autódromo Hermanos Rodríguez,1,87924,6,1,Ferrari,151.0,322.0,82332,5592,0,31,71,40,,15.0,830.0,1.611,776.1000000000067,0,0,Standard
932,4,1,31,2015,7,Circuit Gilles Villeneuve,16,96685,1,13,McLaren,0.0,4.0,79580,17105,0,31,70,39,828.0,6.078,831.0,10.961,3107.5999999999904,0,0,Standard
1142,4,1,4,2024,22,Las Vegas Strip Street Circuit,19,105129,117,16,Aston Martin,62.0,86.0,96553,8576,0,4,50,46,822.0,0.416,861.0,0.146,-2350.8999999999996,0,0,Undercut
956,836,1,13,2016,9,Red Bull Ring,7,77021,209,12,Manor Marussia,0.0,0.0,70859,6162,0,13,71,58,154.0,2.404,821.0,3.084,750.3000000000019,0,0,Standard
940,20,2,30,2015,14,Suzuka Circuit,2,100732,6,4,Ferrari,203.0,310.0,97906,2826,13,17,53,23,1.0,14.752,3.0,15.0,355.5000000000021,0,1,Standard
1124,855,2,7,2024,4,Suzuka Circuit,16,102874,15,20,Sauber,0.0,0.0,97160,5714,1,6,53,46,858.0,1.333,822.0,12.133,-5000.0,0,1,Standard
906,3,2,44,2014,7,Circuit Gilles Villeneuve,2,97748,131,1,Mercedes,122.0,240.0,78616,19132,18,26,70,26,1.0,15.0,13.0,0.494,3031.600000000012,0,0,Overcut
1109,858,1,13,2023,11,Hungaroring,13,88197,3,20,Williams,0.0,11.0,83496,4701,0,13,70,57,817.0,0.787,840.0,7.735,397.90000000000407,0,0,Undercut
1033,815,2,35,2020,3,Hungaroring,6,86055,211,4,Racing Point,16.0,22.0,80090,5965,3,32,70,35,825.0,5.444,817.0,0.028,809.9999999999919,0,0,Overcut
967,831,1,20,2016,20,Autódromo José Carlos Pace,7,122952,15,21,Sauber,0.0,0.0,87547,35405,0,20,71,51,832.0,1.707,817.0,1.963,-956.3000000000027,0,0,Standard
1057,849,2,48,2021,6,Baku City Circuit,13,173070,3,16,Williams,0.0,0.0,106608,66462,9,39,51,3,841.0,1.888,822.0,3.043,5000.0,1,1,Standard
966,822,1,19,2016,19,Autódromo Hermanos Rodríguez,8,88788,3,8,Williams,81.0,130.0,83540,5248,0,19,71,52,830.0,0.896,807.0,6.224,728.0000000000015,0,0,Undercut
953,18,2,30,2016,6,Circuit de Monaco,12,107523,1,13,McLaren,3.0,12.0,79670,27853,8,22,78,48,13.0,7.415,836.0,15.0,3340.599999999996,0,0,Standard
1052,832,1,15,2021,1,Bahrain International Circuit,5,100840,6,8,Ferrari,0.0,0.0,94509,6331,0,15,56,41,815.0,0.254,20.0,8.401,643.1000000000045,0,0,Undercut
957,20,1,5,2016,10,Silverstone Circuit,10,156254,6,11,Ferrari,96.0,192.0,96933,59321,0,5,52,47,4.0,1.926,815.0,0.208,-5000.0,0,0,Emergency
1084,830,2,36,2022,11,Red Bull Ring,3,74594,9,1,Red Bull,181.0,328.0,67275,7319,13,23,71,35,832.0,2.746,1.0,15.0,657.8999999999944,0,0,Standard
1098,839,3,32,2023,1,Bahrain International Circuit,18,104296,214,9,Alpine F1 Team,0.0,0.0,96797,7499,15,17,57,25,807.0,2.257,846.0,10.804,710.699999999995,0,0,Standard
1046,847,4,78,2020,16,Bahrain International Circuit,2,59091,131,2,Mercedes,0.0,533.0,55404,3687,63,15,87,9,815.0,4.439,839.0,3.336,523.1000000000068,0,0,Standard
990,838,2,28,2018,2,Bahrain International Circuit,10,99693,1,14,McLaren,2.0,12.0,95131,4562,10,18,57,29,154.0,0.167,825.0,2.739,461.19999999999635,0,1,Undercut
928,20,2,30,2015,3,Shanghai International Circuit,4,108687,6,3,Ferrari,40.0,52.0,103018,5669,13,17,56,26,8.0,0.061,13.0,15.0,1052.0999999999983,0,0,Undercut
1036,1,1,23,2020,6,Circuit de Barcelona-Catalunya,1,87175,131,1,Mercedes,107.0,180.0,79822,7353,0,23,66,43,,15.0,822.0,11.789,764.4999999999972,0,0,Standard
1034,832,2,51,2020,4,Silverstone Circuit,6,97060,1,7,McLaren,15.0,41.0,89948,7112,13,38,52,1,846.0,3.812,839.0,1.475,1441.3000000000018,0,0,Overcut
1041,826,1,17,2020,11,Nürburgring,19,122578,213,13,AlphaTauri,14.0,59.0,92214,30364,0,17,60,43,849.0,3.605,,15.0,5000.0,0,0,Standard
1111,822,5,64,2023,13,Circuit Park Zandvoort,15,2513847,51,18,Alfa Romeo,5.0,9.0,74698,100000,63,1,72,8,807.0,3.306,859.0,5.794,0.0,1,1,Emergency
1035,8,1,26,2020,5,Silverstone Circuit,14,92973,51,20,Alfa Romeo,0.0,2.0,91756,1217,0,26,52,26,20.0,4.202,849.0,6.97,-194.0000000000032,0,0,Standard
1128,855,1,1,2024,8,Circuit de Monaco,16,2526253,15,18,Sauber,0.0,0.0,74718,100000,0,1,78,77,822.0,4.505,,15.0,0.0,0,0,Emergency
1104,858,1,20,2023,6,Circuit de Monaco,20,97211,3,16,Williams,0.0,1.0,77302,19909,0,20,78,58,848.0,8.116,,15.0,3257.200000000006,1,0,Standard
1004,845,1,10,2018,16,Sochi Autodrom,17,111949,3,13,Williams,1.0,7.0,99838,12111,0,10,53,43,4.0,3.98,840.0,2.386,1127.6999999999937,0,0,Standard
1141,844,1,24,2024,21,Autódromo José Carlos Pace,6,88997,6,6,Ferrari,291.0,537.0,81631,7366,0,24,69,45,830.0,3.531,859.0,1.204,886.7000000000047,0,0,Standard
906,154,2,46,2014,7,Circuit Gilles Villeneuve,14,97448,208,14,Lotus F1,8.0,8.0,79650,17798,11,35,70,24,8.0,10.833,826.0,3.299,3305.399999999962,0,0,Standard
1053,20,3,22,2021,2,Autodromo Enzo e Dino Ferrari,17,98889,117,0,Aston Martin,0.0,1.0,79074,19815,20,2,63,41,842.0,13.691,854.0,15.0,-5000.0,0,1,Standard
1030,817,1,11,2019,21,Yas Marina Circuit,8,107170,4,7,Renault,54.0,91.0,101190,5980,0,11,55,44,807.0,0.88,815.0,0.552,357.199999999996,0,0,Undercut
945,13,1,6,2015,19,Yas Marina Circuit,7,110729,3,8,Williams,117.0,253.0,106984,3745,0,6,55,49,817.0,2.452,832.0,0.81,358.69999999999914,0,0,Standard
997,845,1,24,2018,9,Red Bull Ring,13,73715,3,17,Williams,0.0,4.0,68971,4744,0,24,71,47,843.0,0.514,840.0,0.512,622.5999999999957,0,0,Undercut
1058,815,1,26,2021,8,Red Bull Ring,4,75077,9,4,Red Bull,84.0,215.0,67894,7183,0,26,71,45,822.0,2.73,846.0,8.593,1034.3,0,0,Standard
965,8,1,8,2016,18,Circuit of the Americas,4,104887,6,5,Ferrari,170.0,335.0,101841,3046,0,8,56,48,3.0,1.169,830.0,1.771,95.2999999999985,0,0,Standard
982,828,6,31,2017,14,Marina Bay Street Circuit,14,134761,15,20,Sauber,0.0,5.0,112496,22265,27,4,58,27,13.0,15.0,836.0,15.0,-5000.0,0,0,Standard
903,824,1,11,2014,4,Shanghai International Circuit,19,113460,206,19,Marussia,0.0,0.0,104825,8635,0,11,56,45,820.0,1.257,828.0,15.0,1281.0999999999942,0,1,Standard
916,807,1,1,2014,17,Circuit of the Americas,9,116291,10,13,Force India,76.0,123.0,106226,10065,0,1,56,55,8.0,2.058,813.0,0.5,0.0,0,0,Standard
956,825,2,28,2016,9,Red Bull Ring,11,95323,4,17,Renault,6.0,6.0,70450,24873,11,17,71,43,154.0,2.418,13.0,1.066,5000.0,1,0,Standard
1079,1,3,48,2022,6,Circuit de Barcelona-Catalunya,5,90916,131,6,Mercedes,36.0,95.0,84253,6663,22,26,66,18,822.0,9.273,832.0,7.803,780.8000000000052,0,0,Standard
1079,839,3,52,2022,6,Circuit de Barcelona-Catalunya,7,92228,214,12,Alpine F1 Team,24.0,26.0,85935,6293,35,17,66,14,1.0,10.628,4.0,7.083,906.000000000002,0,0,Standard
1059,844,1,14,2021,7,Circuit Paul Ricard,18,122349,6,7,Ferrari,52.0,94.0,97681,24668,0,14,53,39,849.0,5.221,853.0,1.46,4342.7999999999965,0,0,Standard
931,831,1,18,2015,6,Circuit de Monaco,11,99697,15,14,Sauber,14.0,19.0,80017,19680,0,18,78,60,4.0,15.0,154.0,3.509,3686.299999999995,0,1,Standard
1121,4,1,15,2024,1,Bahrain International Circuit,2,101101,117,6,Aston Martin,0.0,0.0,94199,6902,0,15,57,42,830.0,15.0,815.0,2.928,516.3000000000052,0,0,Standard
930,831,2,39,2015,5,Circuit de Barcelona-Catalunya,11,98029,15,15,Sauber,14.0,19.0,91928,6101,12,27,66,27,828.0,3.159,826.0,5.215,829.099999999998,0,1,Standard
1047,850,1,10,2020,17,Yas Marina Circuit,18,143976,210,17,Haas F1 Team,0.0,3.0,101707,42269,0,10,55,45,825.0,6.469,849.0,0.928,5000.0,0,0,Emergency
1060,830,1,32,2021,9,Red Bull Ring,1,73134,9,1,Red Bull,156.0,252.0,66200,6934,0,32,71,39,,15.0,1.0,15.0,779.199999999997,0,1,Standard
1012,844,1,22,2019,3,Shanghai International Circuit,2,105360,6,4,Ferrari,26.0,48.0,94860,10500,0,22,56,34,1.0,15.0,822.0,0.904,1078.3999999999987,0,1,Standard
942,13,1,18,2015,16,Circuit of the Americas,11,116413,3,7,Williams,109.0,220.0,108231,8182,0,18,56,38,807.0,9.326,813.0,15.0,-106.70000000001082,0,0,Standard
914,824,3,24,2014,15,Suzuka Circuit,12,120591,206,18,Marussia,2.0,2.0,115985,4606,13,11,44,20,826.0,6.373,828.0,2.056,565.2999999999959,1,0,Standard
1104,848,1,18,2023,6,Circuit de Monaco,20,98414,3,13,Williams,1.0,1.0,76672,21742,0,18,78,60,807.0,8.901,,15.0,3604.199999999998,0,0,Standard
1001,825,1,1,2018,13,Circuit de Spa-Francorchamps,7,157550,210,9,Haas F1 Team,45.0,66.0,107937,49613,0,1,44,43,154.0,1.326,842.0,2.385,0.0,0,0,Standard
965,828,1,17,2016,18,Circuit of the Americas,14,109803,15,16,Sauber,0.0,0.0,105140,4663,0,17,56,39,154.0,0.319,831.0,8.19,386.3000000000029,0,0,Undercut
928,830,1,12,2015,3,Shanghai International Circuit,9,110270,5,13,Toro Rosso,6.0,12.0,103880,6390,0,12,56,44,828.0,0.903,817.0,2.879,831.199999999999,0,0,Undercut
1019,817,2,20,2019,10,Silverstone Circuit,8,117690,4,7,Renault,16.0,32.0,89624,28066,12,8,52,32,842.0,11.318,846.0,8.439,5000.0,0,0,Emergency
1106,830,1,12,2023,8,Circuit Gilles Villeneuve,1,93192,9,1,Red Bull,170.0,287.0,75594,17598,0,12,70,58,,15.0,1.0,10.563,84.69999999999683,0,0,Standard
980,13,2,29,2017,12,Circuit de Spa-Francorchamps,9,130789,3,16,Williams,23.0,41.0,109637,21152,11,18,44,15,825.0,8.812,839.0,3.681,3873.200000000001,0,1,Standard
1117,840,1,30,2023,19,Autódromo Hermanos Rodríguez,12,90059,117,0,Aston Martin,53.0,236.0,83257,6802,0,30,71,41,852.0,5.276,807.0,0.542,961.7999999999998,0,0,Overcut
954,807,1,21,2016,7,Circuit Gilles Villeneuve,10,95157,10,9,Force India,14.0,37.0,76604,18553,0,21,70,49,3.0,5.612,832.0,5.88,3158.3999999999933,0,0,Standard
903,824,2,28,2014,4,Shanghai International Circuit,19,111545,206,19,Marussia,0.0,0.0,104825,6720,11,17,56,28,821.0,4.185,820.0,6.807,961.7000000000007,1,0,Standard
984,817,1,25,2017,16,Suzuka Circuit,1,97926,9,3,Red Bull,177.0,270.0,93694,4232,0,25,53,28,,15.0,822.0,1.743,462.4000000000036,0,0,Standard
967,4,1,9,2016,20,Autódromo José Carlos Pace,9,99131,1,10,McLaren,52.0,74.0,87104,12027,0,9,71,62,815.0,6.268,832.0,0.821,-5000.0,0,0,Standard
967,822,3,28,2016,20,Autódromo José Carlos Pace,11,137722,3,11,Williams,85.0,136.0,86062,51660,20,8,71,43,4.0,1.762,825.0,1.815,3725.000000000005,0,0,Standard
968,13,2,30,2016,21,Yas Marina Circuit,7,109282,3,10,Williams,51.0,136.0,105675,3607,8,22,55,25,8.0,12.708,4.0,0.889,338.7999999999964,0,0,Standard
1086,854,1,21,2022,13,Hungaroring,12,89563,210,15,Haas F1 Team,12.0,34.0,83151,6412,0,21,70,49,855.0,0.098,817.0,8.484,756.9999999999994,0,0,Undercut
1053,853,2,23,2021,2,Autodromo Enzo e Dino Ferrari,19,98945,210,19,Haas F1 Team,0.0,0.0,80402,18543,12,11,63,40,854.0,7.17,,15.0,678.4999999999972,1,0,Standard
1034,849,1,12,2020,4,Silverstone Circuit,16,107830,3,18,Williams,0.0,0.0,90501,17329,0,12,52,40,847.0,6.112,848.0,10.052,2733.6999999999994,0,0,Standard
982,154,3,3,2017,14,Marina Bay Street Circuit,15,189568,210,15,Haas F1 Team,24.0,35.0,107637,81931,2,1,58,55,13.0,2.107,828.0,2.543,0.0,1,1,Emergency
1034,841,1,12,2020,4,Silverstone Circuit,12,99880,51,15,Alfa Romeo,2.0,2.0,90977,8903,0,12,52,40,842.0,0.943,8.0,5.642,1325.7999999999968,0,0,Undercut
1144,855,2,39,2024,24,Yas Marina Circuit,10,91750,15,15,Sauber,4.0,4.0,87982,3768,12,27,58,19,848.0,6.712,852.0,2.933,381.49999999999227,0,0,Standard
1035,830,2,32,2020,5,Silverstone Circuit,1,89666,9,4,Red Bull,52.0,78.0,89465,201,26,6,52,20,,15.0,822.0,2.517,-479.6999999999936,0,0,Standard
1003,825,2,36,2018,15,Marina Bay Street Circuit,18,117993,210,16,Haas F1 Team,49.0,76.0,101905,16088,26,10,61,25,843.0,2.319,815.0,7.027,2528.799999999998,0,0,Standard
953,822,3,49,2016,6,Circuit de Monaco,12,108387,3,10,Williams,29.0,65.0,79223,29164,30,19,78,29,821.0,15.0,836.0,15.0,5000.0,0,0,Standard
901,817,1,12,2014,2,Sepang International Circuit,4,112315,9,5,Red Bull,0.0,0.0,104675,7640,0,12,56,44,20.0,6.077,807.0,0.773,791.0999999999997,0,0,Standard
957,835,1,6,2016,10,Silverstone Circuit,9,120266,4,18,Renault,0.0,6.0,99755,20511,0,6,52,46,18.0,4.606,837.0,1.923,-5000.0,0,0,Standard
1085,852,1,11,2022,12,Circuit Paul Ricard,19,124195,213,8,AlphaTauri,11.0,27.0,100216,23979,0,11,53,42,854.0,5.248,855.0,0.493,4738.600000000002,1,1,Standard
1079,849,2,26,2022,6,Circuit de Barcelona-Catalunya,18,94403,3,19,Williams,0.0,3.0,87246,7157,12,14,66,40,1.0,10.935,825.0,8.243,732.6999999999992,0,0,Standard
957,837,1,6,2016,10,Silverstone Circuit,10,121346,209,19,Manor Marussia,0.0,1.0,101380,19966,0,6,52,46,835.0,1.923,831.0,2.914,-5000.0,0,0,Standard
1023,807,1,29,2019,14,Autodromo Nazionale di Monza,5,103757,4,6,Renault,21.0,43.0,83641,20116,0,29,53,24,822.0,10.827,826.0,15.0,3778.8000000000006,1,1,Standard
913,8,2,25,2014,14,Marina Bay Street Circuit,5,121111,6,7,Ferrari,41.0,162.0,112872,8239,11,14,60,35,4.0,2.458,18.0,8.169,1410.7000000000053,1,0,Standard
1074,852,2,29,2022,1,Bahrain International Circuit,11,102805,213,16,AlphaTauri,0.0,0.0,97104,5701,15,14,57,28,822.0,1.582,855.0,0.976,493.9000000000026,0,0,Standard
1088,817,3,47,2022,15,Circuit Park Zandvoort,18,107517,1,17,McLaren,19.0,95.0,75577,31940,27,20,72,25,825.0,5.511,849.0,15.0,5000.0,0,0,Emergency
1054,1,3,37,2021,3,Autódromo Internacional do Algarve,1,85526,131,2,Mercedes,44.0,60.0,80933,4593,3,34,66,29,,15.0,815.0,10.677,815.6000000000087,0,0,Standard
948,815,2,18,2016,1,Albert Park Grand Prix Circuit,13,1221249,10,9,Force India,0.0,0.0,92780,100000,16,2,57,39,835.0,1.16,828.0,3.789,5000.0,0,0,Emergency
1057,846,1,7,2021,6,Baku City Circuit,12,112031,1,9,McLaren,56.0,80.0,105326,6705,0,7,51,44,4.0,2.215,840.0,0.992,552.1999999999919,0,0,Standard
914,818,3,19,2014,15,Suzuka Circuit,16,120378,5,20,Toro Rosso,19.0,27.0,113562,6816,11,8,44,25,813.0,1.622,824.0,1.138,484.4000000000067,0,0,Standard
1121,807,1,1,2024,1,Bahrain International Circuit,20,113555,210,10,Haas F1 Team,0.0,0.0,94834,18721,0,1,57,56,840.0,3.341,,15.0,0.0,0,0,Standard
1052,4,1,11,2021,1,Bahrain International Circuit,9,100308,214,9,Alpine F1 Team,0.0,0.0,96063,4245,0,11,56,45,832.0,1.887,841.0,1.612,563.5999999999988,0,0,Standard
987,828,2,2,2017,19,Autódromo José Carlos Pace,11,137861,15,17,Sauber,0.0,5.0,73666,64195,1,1,71,69,842.0,1.98,843.0,1.193,0.0,1,1,Standard
1087,844,2,25,2022,14,Circuit de Spa-Francorchamps,5,119575,6,15,Ferrari,178.0,334.0,109984,9591,3,22,44,19,832.0,15.0,20.0,4.876,914.3000000000098,0,0,Standard
1124,825,1,1,2024,4,Suzuka Circuit,16,185172,210,18,Haas F1 Team,1.0,4.0,96654,88518,0,1,53,52,840.0,5.577,858.0,3.284,0.0,0,0,Emergency
1078,852,2,41,2022,5,Miami International Autodrome,17,170085,213,9,AlphaTauri,10.0,16.0,93035,77050,11,30,57,16,842.0,2.068,849.0,2.918,5000.0,1,0,Emergency
1086,846,1,14,2022,13,Hungaroring,9,89653,1,4,McLaren,70.0,89.0,83043,6610,0,14,70,56,4.0,1.149,817.0,6.976,987.9000000000008,0,0,Standard
1052,854,1,14,2021,1,Bahrain International Circuit,17,102903,210,18,Haas F1 Team,0.0,0.0,96134,6769,0,14,56,42,841.0,0.578,847.0,1.36,840.1000000000049,1,1,Undercut
1045,822,4,38,2020,15,Bahrain International Circuit,8,98440,131,2,Mercedes,197.0,504.0,93352,5088,25,13,57,19,842.0,4.029,844.0,6.26,818.700000000001,0,0,Standard
905,820,3,66,2014,6,Circuit de Monaco,14,102521,206,19,Marussia,0.0,0.0,80579,21942,27,39,78,12,155.0,15.0,,15.0,4009.300000000009,0,0,Standard
1074,807,3,44,2022,1,Bahrain International Circuit,20,113374,117,17,Aston Martin,0.0,0.0,98201,15173,37,7,57,13,849.0,2.885,,15.0,3110.7000000000166,0,0,Standard
1069,849,1,5,2021,17,Circuit of the Americas,18,105267,3,14,Williams,7.0,23.0,101818,3449,0,5,56,51,854.0,1.423,853.0,15.0,-2162.4999999999973,0,0,Standard
1080,844,3,30,2022,7,Circuit de Monaco,4,1289181,6,1,Ferrari,104.0,169.0,76249,100000,21,9,64,34,830.0,5.253,847.0,7.819,5000.0,0,0,Emergency
914,828,4,39,2014,15,Suzuka Circuit,17,119955,207,17,Caterham,0.0,0.0,114669,5286,25,14,44,5,154.0,3.105,824.0,11.825,97.599999999992,0,0,Standard
1054,840,1,2,2021,3,Autódromo Internacional do Algarve,16,123386,117,17,Aston Martin,5.0,5.0,81970,41416,0,2,66,64,852.0,1.036,849.0,1.335,5000.0,0,0,Standard
1003,825,3,48,2018,15,Marina Bay Street Circuit,16,114585,210,16,Haas F1 Team,49.0,76.0,101905,12680,36,12,61,13,840.0,15.0,843.0,0.586,1795.2000000000157,0,0,Standard
1027,844,2,43,2019,18,Autódromo Hermanos Rodríguez,1,83922,6,1,Ferrari,223.0,435.0,79232,4690,15,28,71,28,,15.0,1.0,5.535,667.6000000000079,0,0,Standard
1135,846,1,28,2024,15,Circuit Park Zandvoort,1,79241,1,1,McLaren,199.0,366.0,73817,5424,0,28,72,44,,15.0,857.0,9.279,713.3000000000005,0,0,Standard
956,825,1,11,2016,9,Red Bull Ring,12,77458,4,17,Renault,6.0,6.0,70450,7008,0,11,71,60,831.0,0.295,828.0,0.027,974.4999999999976,0,0,Undercut
982,825,3,3,2017,14,Marina Bay Street Circuit,10,188403,210,16,Haas F1 Team,11.0,35.0,107585,80818,2,1,58,55,832.0,1.168,826.0,1.941,0.0,1,1,Emergency
1024,830,1,19,2019,15,Marina Bay Street Circuit,8,118383,9,4,Red Bull,185.0,266.0,105176,13207,0,19,61,42,841.0,1.292,842.0,2.212,1909.5000000000011,0,0,Standard
1008,832,1,25,2018,20,Autódromo José Carlos Pace,13,79572,4,15,Renault,45.0,114.0,72169,7403,0,25,71,46,839.0,2.173,843.0,5.355,725.8000000000028,0,0,Standard
1080,840,4,29,2022,7,Circuit de Monaco,14,1287113,117,18,Aston Martin,2.0,6.0,77672,100000,24,5,64,35,817.0,15.0,852.0,4.407,5000.0,0,0,Emergency
1041,830,2,45,2020,11,Nürburgring,2,107798,9,3,Red Bull,128.0,192.0,88139,19659,16,29,60,15,1.0,12.224,815.0,15.0,3326.0000000000173,0,0,Emergency
936,815,2,30,2015,10,Hungaroring,16,94463,10,13,Force India,15.0,39.0,88499,5964,16,14,69,39,831.0,0.204,13.0,15.0,917.2999999999959,0,1,Undercut
1023,815,1,28,2019,14,Autodromo Nazionale di Monza,7,101911,211,18,Racing Point,21.0,40.0,83770,18141,0,28,53,25,826.0,13.59,842.0,4.316,3195.800000000004,0,0,Standard
1142,807,1,14,2024,22,Las Vegas Strip Street Circuit,5,106441,210,9,Haas F1 Team,31.0,46.0,96585,9856,0,14,50,36,832.0,1.586,844.0,0.402,1132.0000000000039,0,0,Standard
1114,815,2,12,2023,16,Suzuka Circuit,17,121045,9,5,Red Bull,223.0,597.0,99704,21341,2,10,53,41,855.0,0.311,825.0,1.188,4311.200000000001,1,0,Undercut
950,831,3,40,2016,3,Shanghai International Circuit,19,109854,15,16,Sauber,0.0,0.0,100582,9272,20,20,56,16,154.0,0.402,825.0,5.857,1218.5000000000025,0,0,Undercut
1136,830,2,41,2024,16,Autodromo Nazionale di Monza,5,88738,9,7,Red Bull,295.0,434.0,81745,6993,22,19,53,12,846.0,6.282,1.0,8.095,1141.5999999999958,0,0,Standard
974,836,1,1,2017,6,Circuit de Monaco,19,115832,15,18,Sauber,4.0,4.0,78034,37798,0,1,78,77,828.0,15.0,18.0,0.495,0.0,0,0,Standard
956,13,4,56,2016,9,Red Bull Ring,10,74776,3,0,Williams,38.0,90.0,69899,4877,29,27,71,15,832.0,1.811,4.0,8.036,857.3000000000022,0,0,Standard
950,826,1,4,2016,3,Shanghai International Circuit,2,115312,9,6,Red Bull,6.0,30.0,101546,13766,0,4,56,52,3.0,7.976,815.0,3.702,2995.3000000000056,0,0,Standard
930,8,1,17,2015,5,Circuit de Barcelona-Catalunya,2,96178,6,7,Ferrari,42.0,107.0,89931,6247,0,17,66,49,3.0,1.047,20.0,4.452,603.300000000004,1,0,Standard
987,1,1,1,2017,19,Autódromo José Carlos Pace,16,134928,131,20,Mercedes,333.0,595.0,71845,63083,0,1,71,70,154.0,2.105,817.0,1.218,0.0,0,0,Standard
1098,844,2,33,2023,1,Bahrain International Circuit,3,101323,6,3,Ferrari,0.0,0.0,97170,4153,13,20,57,24,815.0,11.677,4.0,12.663,630.9999999999925,0,0,Standard
1134,1,1,11,2024,14,Circuit de Spa-Francorchamps,2,114328,131,3,Mercedes,125.0,241.0,106653,7675,0,11,44,33,844.0,2.256,832.0,3.119,1022.7000000000044,0,0,Standard
963,825,1,1,2016,16,Sepang International Circuit,20,158000,4,14,Renault,7.0,7.0,103379,54621,0,1,56,55,13.0,9.339,821.0,1.075,0.0,0,0,Emergency
1095,4,2,35,2022,21,Autódromo José Carlos Pace,7,81022,214,17,Alpine F1 Team,71.0,153.0,74164,6858,14,21,71,36,20.0,1.13,839.0,0.432,835.9999999999952,0,0,Standard
1000,842,1,32,2018,12,Hungaroring,6,86145,5,6,Toro Rosso,18.0,20.0,81685,4460,0,32,70,38,817.0,12.366,4.0,15.0,494.1000000000028,0,0,Standard
1118,852,3,26,2023,20,Autódromo José Carlos Pace,6,80763,213,16,AlphaTauri,8.0,16.0,74231,6532,2,24,71,45,842.0,1.956,815.0,1.471,797.4999999999966,0,0,Standard
1104,807,2,54,2023,6,Circuit de Monaco,18,139643,210,18,Haas F1 Team,6.0,8.0,76991,62652,1,53,78,24,815.0,10.056,858.0,15.0,5000.0,1,1,Standard
1108,807,1,7,2023,10,Silverstone Circuit,16,94412,210,11,Haas F1 Team,9.0,11.0,91776,2636,0,7,52,45,858.0,0.549,856.0,1.024,104.09999999999262,0,0,Undercut
1144,859,2,24,2024,24,Yas Marina Circuit,16,116467,215,12,RB F1 Team,4.0,46.0,88751,27716,23,1,58,34,852.0,0.502,822.0,1.605,0.0,1,0,Undercut
1134,844,2,25,2024,14,Circuit de Spa-Francorchamps,3,112358,6,1,Ferrari,162.0,322.0,107013,5345,12,13,44,19,857.0,1.961,847.0,2.393,804.3999999999978,0,0,Standard
1074,825,1,14,2022,1,Bahrain International Circuit,6,104244,210,7,Haas F1 Team,0.0,0.0,96623,7621,0,14,57,43,847.0,11.848,842.0,1.31,631.6999999999998,0,0,Standard
944,3,2,33,2015,18,Autódromo José Carlos Pace,2,82486,131,1,Mercedes,272.0,617.0,74957,7529,13,20,71,38,1.0,2.154,8.0,15.0,1238.500000000004,0,0,Standard
940,813,1,12,2015,14,Suzuka Circuit,5,103444,208,11,Lotus F1,12.0,50.0,98136,5308,0,12,53,41,8.0,10.004,832.0,2.155,406.09999999999815,0,0,Standard
985,20,1,16,2017,17,Circuit of the Americas,2,102330,6,2,Ferrari,247.0,395.0,97766,4564,0,16,56,40,1.0,5.454,822.0,2.308,147.6999999999929,0,0,Standard
950,837,2,28,2016,3,Shanghai International Circuit,19,110011,209,20,Manor Marussia,0.0,0.0,102009,8002,18,10,56,28,807.0,0.621,831.0,2.129,1247.900000000007,1,0,Undercut
1055,853,2,42,2021,4,Circuit de Barcelona-Catalunya,19,89125,210,20,Haas F1 Team,0.0,0.0,84040,5085,22,20,66,24,841.0,14.16,,15.0,447.79999999999814,0,0,Standard
1073,839,1,15,2021,22,Yas Marina Circuit,10,93316,214,9,Alpine F1 Team,72.0,149.0,88249,5067,0,15,58,43,817.0,0.718,4.0,0.22,572.6000000000033,0,0,Undercut
1143,852,1,35,2024,23,Losail International Circuit,11,121862,215,14,RB F1 Team,30.0,46.0,86144,35718,0,35,57,22,832.0,2.617,848.0,2.182,5000.0,1,0,Standard
1033,847,2,19,2020,3,Hungaroring,16,90653,3,12,Williams,0.0,0.0,79984,10669,4,15,70,51,846.0,15.0,841.0,2.039,826.6999999999975,0,0,Standard
945,828,1,15,2015,19,Yas Marina Circuit,13,113207,15,17,Sauber,9.0,36.0,106517,6690,0,15,55,40,830.0,1.82,18.0,2.64,535.2000000000033,0,0,Standard
959,828,1,16,2016,12,Hockenheimring,17,88088,15,22,Sauber,0.0,0.0,81212,6876,0,16,67,51,832.0,5.173,826.0,0.873,1157.5999999999933,0,0,Standard
963,828,2,37,2016,16,Sepang International Circuit,12,104825,15,17,Sauber,0.0,0.0,99781,5044,21,16,56,19,832.0,0.933,835.0,14.122,580.4000000000012,0,0,Undercut
1044,839,1,1,2020,14,Istanbul Park,19,153513,4,7,Renault,40.0,135.0,101006,52507,0,1,58,57,822.0,5.081,849.0,5.272,0.0,0,0,Emergency
1016,830,1,48,2019,7,Circuit Gilles Villeneuve,5,92785,9,9,Red Bull,78.0,110.0,74767,18018,0,48,70,22,822.0,10.707,817.0,0.209,3097.000000000029,0,0,Overcut
958,817,2,33,2016,11,Hungaroring,3,88264,9,3,Red Bull,100.0,198.0,84608,3656,15,18,70,37,3.0,4.715,20.0,0.045,525.8000000000035,0,0,Standard
1107,840,4,54,2023,9,Red Bull Ring,10,73830,117,6,Aston Martin,37.0,154.0,68463,5367,36,18,71,17,842.0,1.608,848.0,5.858,860.0999999999949,0,0,Standard
1081,839,1,33,2022,8,Baku City Circuit,10,146494,214,13,Alpine F1 Team,30.0,40.0,108297,38197,0,33,51,18,4.0,13.227,846.0,1.212,5000.0,0,0,Emergency
959,8,1,14,2016,12,Hockenheimring,2,84630,6,5,Ferrari,114.0,224.0,79572,5058,0,14,67,53,1.0,15.0,830.0,3.763,612.2000000000056,0,0,Standard
945,830,3,38,2015,19,Yas Marina Circuit,12,109574,5,11,Toro Rosso,49.0,67.0,105746,3828,20,18,55,17,832.0,6.617,828.0,7.114,144.10000000000105,0,0,Standard
913,13,1,10,2014,14,Marina Bay Street Circuit,9,122522,3,6,Williams,55.0,177.0,113283,9239,0,10,60,50,825.0,0.23,818.0,2.469,1538.5999999999926,0,0,Undercut
907,813,1,26,2014,8,Red Bull Ring,11,79350,208,13,Lotus F1,0.0,8.0,73187,6163,0,26,71,45,817.0,1.166,8.0,0.299,989.6999999999965,0,0,Overcut
912,821,1,9,2014,13,Autodromo Nazionale di Monza,18,96351,15,15,Sauber,0.0,0.0,89449,6902,0,9,53,44,155.0,3.65,824.0,0.386,759.7999999999878,0,0,Standard
909,20,1,14,2014,10,Hockenheimring,3,86798,9,6,Red Bull,70.0,168.0,81545,5253,0,14,67,53,822.0,5.933,807.0,6.567,808.2000000000023,0,0,Standard
900,820,1,24,2014,1,Albert Park Grand Prix Circuit,16,119399,206,17,Marussia,0.0,0.0,95635,23764,0,24,57,33,821.0,15.0,828.0,4.123,4242.099999999998,0,1,Standard
1019,846,2,35,2019,10,Silverstone Circuit,8,90565,1,8,McLaren,22.0,52.0,89636,929,13,22,52,17,832.0,1.738,817.0,0.613,-250.60000000000883,0,0,Standard
1038,848,1,22,2020,8,Autodromo Nazionale di Monza,15,132273,9,9,Red Bull,48.0,158.0,84888,47385,0,22,53,31,844.0,0.436,849.0,0.327,5000.0,0,0,Undercut
1033,822,1,2,2020,3,Hungaroring,8,98777,131,2,Mercedes,43.0,80.0,77665,21112,0,2,70,68,832.0,0.603,817.0,1.029,-3619.999999999976,0,0,Undercut
1143,846,2,36,2024,23,Losail International Circuit,2,170429,1,3,McLaren,340.0,608.0,82384,88045,35,1,57,21,830.0,5.188,844.0,3.296,0.0,1,1,Emergency
1122,847,1,7,2024,2,Jeddah Corniche Circuit,7,128836,131,7,Mercedes,10.0,16.0,92254,36582,0,7,50,43,846.0,2.814,1.0,0.706,5000.0,0,0,Standard
961,18,1,15,2016,14,Autodromo Nazionale di Monza,12,94688,1,14,McLaren,17.0,48.0,86354,8334,0,15,53,38,832.0,4.319,828.0,1.636,1275.9000000000003,0,0,Standard
1071,832,1,7,2021,19,Autódromo José Carlos Pace,6,118669,6,3,Ferrari,130.5,268.5,72710,45959,0,7,71,64,844.0,1.892,20.0,1.627,5000.0,0,0,Standard
953,825,1,7,2016,6,Circuit de Monaco,21,140128,4,16,Renault,6.0,6.0,89802,50326,0,7,78,71,831.0,11.669,826.0,15.0,2594.7999999999925,0,0,Emergency
1035,847,2,24,2020,5,Silverstone Circuit,15,92492,3,15,Williams,0.0,0.0,91408,1084,8,16,52,28,8.0,5.555,841.0,0.738,-365.79999999999836,0,0,Standard
1071,841,1,7,2021,19,Autódromo José Carlos Pace,13,118559,51,13,Alfa Romeo,1.0,11.0,74227,44332,0,7,71,64,840.0,1.586,853.0,1.66,5000.0,0,0,Standard
949,13,1,7,2016,2,Bahrain International Circuit,3,102431,3,7,Williams,10.0,14.0,97560,4871,0,7,57,50,8.0,1.403,822.0,0.388,691.0999999999885,0,0,Standard
937,13,2,21,2015,11,Circuit de Spa-Francorchamps,6,149690,3,6,Williams,74.0,151.0,114093,35597,9,12,43,22,826.0,3.747,8.0,0.994,5000.0,0,0,Standard
1125,815,2,23,2024,5,Shanghai International Circuit,2,137492,9,2,Red Bull,64.0,141.0,99388,38104,13,10,56,33,830.0,15.0,846.0,2.242,5000.0,0,1,Emergency
1121,815,2,36,2024,1,Bahrain International Circuit,2,99365,9,5,Red Bull,0.0,0.0,94364,5001,12,24,57,21,830.0,15.0,832.0,15.0,638.9999999999942,0,1,Standard
1118,855,1,1,2023,20,Autódromo José Carlos Pace,14,146873,51,20,Alfa Romeo,6.0,16.0,76232,70641,0,1,71,70,822.0,4.671,858.0,1.062,0.0,0,0,Standard
1047,830,1,10,2020,17,Yas Marina Circuit,1,126235,9,1,Red Bull,189.0,282.0,100958,25277,0,10,55,45,,15.0,822.0,4.917,4715.599999999994,0,0,Emergency
970,13,4,6,2017,2,Shanghai International Circuit,10,161721,3,6,Williams,8.0,8.0,96511,65210,5,1,56,50,826.0,1.479,815.0,1.153,0.0,1,1,Standard
1092,1,1,2,2022,18,Suzuka Circuit,5,180131,131,6,Mercedes,170.0,373.0,105530,74601,0,2,28,26,839.0,4.307,4.0,2.784,5000.0,0,0,Standard
1027,817,1,50,2019,18,Autódromo Hermanos Rodríguez,6,84808,4,13,Renault,34.0,68.0,80146,4662,0,50,71,21,848.0,15.0,830.0,9.128,704.7999999999962,0,0,Standard
1018,8,1,23,2019,9,Red Bull Ring,8,73870,51,6,Alfa Romeo,19.0,19.0,69126,4744,0,23,71,48,842.0,1.773,841.0,0.218,676.5000000000006,0,0,Standard
997,828,1,45,2018,9,Red Bull Ring,10,73355,15,20,Sauber,2.0,13.0,68216,5139,0,45,71,26,815.0,5.288,842.0,1.802,832.1000000000034,0,0,Standard
967,836,1,20,2016,20,Autódromo José Carlos Pace,10,126882,209,19,Manor Marussia,1.0,1.0,87919,38963,0,20,71,51,839.0,2.722,4.0,2.019,711.300000000005,0,0,Standard
954,1,1,24,2016,7,Circuit Gilles Villeneuve,2,93482,131,1,Mercedes,82.0,188.0,75981,17501,0,24,70,46,20.0,10.467,830.0,14.065,2998.4999999999986,0,0,Standard
979,832,1,35,2017,11,Hungaroring,6,86536,5,9,Toro Rosso,29.0,33.0,81871,4665,0,35,70,35,1.0,15.0,4.0,0.727,583.9999999999889,0,0,Overcut
1040,846,2,47,2020,10,Sochi Autodrom,14,110419,1,8,McLaren,65.0,106.0,97377,13042,1,46,53,6,20.0,1.511,8.0,3.125,2035.1999999999996,0,0,Standard
1045,848,2,19,2020,15,Bahrain International Circuit,4,99330,9,4,Red Bull,70.0,240.0,93684,5646,1,18,57,38,815.0,7.68,832.0,8.693,648.0000000000025,0,0,Standard
987,840,3,3,2017,19,Autódromo José Carlos Pace,13,131595,3,16,Williams,40.0,76.0,71862,59733,2,1,71,68,843.0,1.636,1.0,0.971,0.0,1,1,Standard
1119,1,1,17,2023,21,Las Vegas Strip Street Circuit,11,118137,131,10,Mercedes,226.0,382.0,95716,22421,0,17,50,33,830.0,4.925,817.0,1.678,4089.4000000000074,1,0,Standard
1045,826,3,33,2020,15,Bahrain International Circuit,14,99086,213,10,AlphaTauri,26.0,89.0,94141,4945,17,16,57,24,841.0,1.328,20.0,0.219,349.30000000000075,0,0,Standard
1069,817,2,30,2021,17,Circuit of the Americas,5,101874,1,6,McLaren,95.0,240.0,100345,1529,11,19,56,26,844.0,14.702,846.0,7.674,-1021.9999999999926,0,0,Standard
1118,1,3,18,2023,20,Autódromo José Carlos Pace,9,82182,131,5,Mercedes,220.0,371.0,74739,7443,2,16,71,53,842.0,0.458,852.0,5.413,1055.4999999999975,0,0,Undercut
1038,154,1,22,2020,8,Autodromo Nazionale di Monza,17,126512,210,16,Haas F1 Team,0.0,1.0,84785,41727,0,22,53,31,849.0,0.142,847.0,0.351,5000.0,0,0,Undercut
950,822,1,4,2016,3,Shanghai International Circuit,9,119463,3,5,Williams,6.0,20.0,101558,17905,0,4,56,52,18.0,0.665,4.0,0.408,2970.700000000001,0,0,Undercut
911,815,2,22,2014,12,Circuit de Spa-Francorchamps,11,121109,10,13,Force India,29.0,98.0,114532,6577,9,13,44,22,807.0,1.931,818.0,14.076,1048.4999999999955,0,0,Standard
976,817,1,5,2017,8,Baku City Circuit,12,115515,9,10,Red Bull,67.0,112.0,104882,10633,0,5,51,46,826.0,0.558,828.0,10.391,-897.4999999999973,0,0,Undercut
957,822,2,16,2016,10,Silverstone Circuit,12,110218,3,6,Williams,54.0,92.0,97383,12835,5,11,52,36,4.0,6.734,18.0,3.745,-1305.5000000000223,0,0,Standard
1117,848,1,33,2023,19,Autódromo Hermanos Rodríguez,9,106537,3,14,Williams,25.0,26.0,82773,23764,0,33,71,38,846.0,4.102,852.0,3.867,4095.3000000000043,0,0,Emergency
1045,849,1,1,2020,15,Bahrain International Circuit,16,177400,3,20,Williams,0.0,0.0,94591,82809,0,1,57,56,20.0,2.644,8.0,1.882,0.0,0,0,Emergency
976,8,2,17,2017,8,Baku City Circuit,6,146833,6,3,Ferrari,73.0,214.0,105542,41291,12,5,51,34,839.0,1.638,840.0,0.763,-5000.0,0,0,Standard
950,830,3,39,2016,3,Shanghai International Circuit,8,109226,5,9,Toro Rosso,9.0,11.0,100399,8827,20,19,56,17,817.0,3.022,815.0,2.047,1216.099999999994,1,0,Standard
1052,842,3,39,2021,1,Bahrain International Circuit,16,99587,213,5,AlphaTauri,0.0,0.0,94090,5497,19,20,56,17,847.0,1.957,849.0,15.0,172.099999999999,0,0,Standard
1116,855,1,9,2023,18,Circuit of the Americas,11,103882,51,12,Alfa Romeo,6.0,16.0,101879,2003,0,9,56,47,852.0,2.95,817.0,1.022,80.89999999999377,0,0,Standard
953,837,2,34,2016,6,Circuit de Monaco,13,111319,209,19,Manor Marussia,0.0,0.0,79868,31451,11,23,78,44,13.0,15.0,822.0,0.103,3006.800000000025,1,0,Standard
958,13,1,25,2016,11,Hungaroring,15,91594,3,18,Williams,38.0,92.0,85296,6298,0,25,70,45,154.0,0.843,825.0,1.725,618.7000000000023,0,1,Undercut
1055,853,1,22,2021,4,Circuit de Barcelona-Catalunya,19,91969,210,20,Haas F1 Team,0.0,0.0,84040,7929,0,22,66,44,20.0,3.09,,15.0,1033.1000000000026,1,0,Standard
948,8,2,18,2016,1,Albert Park Grand Prix Circuit,3,188276,6,4,Ferrari,0.0,0.0,90701,97575,16,2,57,39,3.0,2.633,817.0,11.405,5000.0,0,0,Emergency
1089,847,1,23,2022,16,Autodromo Nazionale di Monza,3,90661,131,2,Mercedes,188.0,346.0,85288,5373,0,23,53,30,844.0,1.044,832.0,13.76,859.4999999999958,0,0,Standard
1131,832,1,22,2024,11,Red Bull Ring,4,74879,6,4,Ferrari,116.0,270.0,69282,5597,0,22,71,49,847.0,2.695,857.0,0.345,674.4000000000008,0,0,Standard
978,154,2,43,2017,10,Silverstone Circuit,12,93519,210,10,Haas F1 Team,18.0,29.0,92290,1229,23,20,51,8,838.0,4.735,825.0,2.138,-510.00000000000216,0,0,Standard
963,830,1,9,2016,16,Sepang International Circuit,3,132318,9,3,Red Bull,129.0,316.0,97376,34942,0,9,56,47,817.0,3.061,8.0,2.406,5000.0,0,0,Emergency
954,154,2,39,2016,7,Circuit Gilles Villeneuve,13,95207,210,14,Haas F1 Team,22.0,22.0,77281,17926,17,22,70,31,4.0,10.827,821.0,1.373,3214.099999999995,0,0,Standard
1080,822,1,20,2022,7,Circuit de Monaco,13,109539,51,12,Alfa Romeo,38.0,39.0,77600,31939,0,20,64,44,840.0,0.039,852.0,5.912,2728.5000000000086,0,0,Undercut
938,830,2,19,2015,12,Autodromo Nazionale di Monza,12,94118,5,20,Toro Rosso,26.0,35.0,87390,6728,1,18,53,34,807.0,7.336,18.0,1.561,544.5000000000018,1,0,Standard
1111,846,6,64,2023,13,Circuit Park Zandvoort,7,2540470,1,2,McLaren,69.0,103.0,74390,100000,63,1,72,8,815.0,3.416,847.0,10.565,0.0,1,1,Emergency
902,826,1,10,2014,3,Bahrain International Circuit,13,106071,5,12,Toro Rosso,3.0,7.0,100160,5911,0,10,57,47,817.0,3.967,813.0,0.913,774.1999999999972,0,0,Standard
906,818,2,39,2014,7,Circuit Gilles Villeneuve,11,96682,5,8,Toro Rosso,4.0,8.0,79399,17283,15,24,70,31,825.0,6.591,8.0,3.94,3216.9000000000024,0,0,Standard
1128,840,42,2,2024,8,Circuit de Monaco,11,134844,117,13,Aston Martin,11.0,44.0,76710,58134,1,1,78,76,842.0,0.179,817.0,0.223,0.0,1,1,Undercut
950,8,1,1,2016,3,Shanghai International Circuit,20,124621,6,3,Ferrari,18.0,33.0,100593,24028,0,1,56,55,154.0,4.893,1.0,6.108,0.0,0,0,Standard
1088,854,1,13,2022,15,Circuit Park Zandvoort,10,81444,210,8,Haas F1 Team,12.0,34.0,75233,6211,0,13,72,59,839.0,5.436,852.0,3.239,718.8000000000014,0,0,Standard
906,1,2,45,2014,7,Circuit Gilles Villeneuve,1,95855,131,2,Mercedes,118.0,240.0,78942,16913,19,26,70,25,,15.0,13.0,0.949,2606.4000000000083,0,0,Overcut
901,1,1,15,2014,2,Sepang International Circuit,1,111236,131,1,Mercedes,0.0,25.0,103066,8170,0,15,56,41,,15.0,807.0,15.0,738.8000000000036,0,0,Standard
1018,848,1,35,2019,9,Red Bull Ring,15,74995,5,18,Toro Rosso,7.0,17.0,68946,6049,0,35,71,36,840.0,0.689,154.0,15.0,873.0999999999946,0,1,Undercut
936,826,3,43,2015,10,Hungaroring,7,110930,9,7,Red Bull,27.0,63.0,86519,24411,33,10,69,26,822.0,1.017,830.0,12.161,5000.0,0,0,Standard
1100,856,3,54,2023,3,Albert Park Grand Prix Circuit,16,558552,213,15,AlphaTauri,0.0,0.0,81183,100000,45,9,58,4,858.0,15.0,,15.0,5000.0,0,0,Emergency
959,13,2,26,2016,12,Hockenheimring,16,86563,3,10,Williams,38.0,94.0,81476,5087,9,17,67,41,826.0,0.958,836.0,7.693,715.8999999999979,0,0,Undercut
986,20,2,32,2017,18,Autódromo Hermanos Rodríguez,7,113338,6,1,Ferrari,265.0,428.0,78785,34553,1,31,71,39,815.0,15.0,4.0,2.892,5000.0,0,0,Emergency
1114,855,2,10,2023,16,Suzuka Circuit,16,103013,51,19,Alfa Romeo,4.0,10.0,97791,5222,1,9,53,43,848.0,0.632,852.0,9.812,323.8999999999945,0,1,Undercut
1037,840,1,11,2020,7,Circuit de Spa-Francorchamps,8,156348,211,9,Racing Point,40.0,63.0,109136,47212,0,11,44,33,842.0,2.487,815.0,0.116,5000.0,0,0,Standard
1069,842,1,10,2021,17,Circuit of the Americas,8,103462,213,8,AlphaTauri,74.0,92.0,102015,1447,0,10,56,46,846.0,6.694,822.0,1.902,-176.90000000001172,0,0,Standard
940,830,1,9,2015,14,Suzuka Circuit,14,105578,5,17,Toro Rosso,30.0,41.0,98237,7341,0,9,53,44,18.0,0.929,815.0,11.576,661.3999999999858,0,0,Undercut
909,4,2,33,2014,10,Hockenheimring,4,87133,6,7,Ferrari,87.0,106.0,80548,6585,12,21,67,34,20.0,5.734,1.0,3.347,589.8000000000055,0,0,Standard
1009,822,1,16,2018,21,Yas Marina Circuit,1,106227,131,2,Mercedes,237.0,620.0,100953,5274,0,16,55,39,,15.0,817.0,3.167,220.1999999999862,0,0,Standard
1131,815,1,21,2024,11,Red Bull Ring,7,76283,9,8,Red Bull,111.0,330.0,69694,6589,0,21,71,50,1.0,6.403,852.0,11.688,916.0999999999991,0,0,Standard
1115,807,2,27,2023,17,Losail International Circuit,11,94051,210,14,Haas F1 Team,9.0,12.0,86444,7607,13,14,57,30,840.0,0.047,844.0,2.108,1008.3000000000017,0,1,Undercut
1012,9,1,26,2019,3,Shanghai International Circuit,17,108000,3,18,Williams,0.0,0.0,99772,8228,0,26,56,30,826.0,10.533,847.0,0.626,1075.3999999999935,1,0,Overcut
1057,842,2,47,2021,6,Baku City Circuit,4,133442,213,4,AlphaTauri,16.0,18.0,105220,28222,11,36,51,4,20.0,3.22,844.0,2.542,5000.0,0,0,Standard
1019,842,1,12,2019,10,Silverstone Circuit,5,91409,9,5,Red Bull,43.0,169.0,89544,1865,0,12,52,40,830.0,1.154,20.0,1.078,50.999999999996476,0,0,Standard
1046,847,1,45,2020,16,Bahrain International Circuit,1,60531,131,2,Mercedes,0.0,533.0,55404,5127,0,45,87,42,,15.0,822.0,0.677,495.4999999999963,0,0,Overcut
996,838,1,40,2018,8,Circuit Paul Ricard,13,118682,1,17,McLaren,8.0,40.0,96675,22007,0,40,53,13,4.0,3.499,840.0,3.278,3983.000000000018,0,0,Standard
1020,842,4,46,2019,11,Hockenheimring,8,92371,9,4,Red Bull,55.0,191.0,77495,14876,28,18,64,18,841.0,0.976,848.0,1.6,-4909.799999999949,0,0,Undercut
992,828,1,1,2018,4,Baku City Circuit,18,216382,15,18,Sauber,2.0,2.0,107925,100000,0,1,51,50,825.0,5.235,,15.0,0.0,0,0,Emergency
940,815,3,36,2015,14,Suzuka Circuit,10,103377,10,9,Force India,39.0,69.0,98591,4786,18,18,53,17,832.0,2.071,830.0,2.768,735.7999999999904,0,0,Standard
950,1,2,5,2016,3,Shanghai International Circuit,20,138201,131,22,Mercedes,33.0,83.0,100662,37539,1,4,56,51,8.0,9.264,154.0,15.0,5000.0,0,0,Emergency
902,155,2,35,2014,3,Bahrain International Circuit,17,107179,207,18,Caterham,0.0,0.0,101246,5933,15,20,57,22,821.0,14.3,820.0,15.0,726.2999999999932,0,0,Standard
1124,847,1,1,2024,4,Suzuka Circuit,9,159587,131,9,Mercedes,18.0,26.0,94404,65183,0,1,53,52,844.0,5.044,807.0,3.266,0.0,0,0,Standard
942,831,5,42,2015,16,Circuit of the Americas,11,116849,15,15,Sauber,25.0,34.0,104407,12442,26,16,56,14,817.0,15.0,834.0,15.0,-5000.0,0,0,Standard
994,822,1,17,2018,6,Circuit de Monaco,7,96837,131,5,Mercedes,58.0,153.0,76312,20525,0,17,78,61,4.0,2.616,815.0,6.099,3601.7000000000003,0,0,Standard
1143,807,1,1,2024,23,Losail International Circuit,18,165271,210,18,Haas F1 Team,35.0,50.0,85767,79504,0,1,57,56,840.0,15.0,,15.0,0.0,0,0,Emergency
950,154,2,20,2016,3,Shanghai International Circuit,17,111924,210,14,Haas F1 Team,18.0,18.0,99923,12001,1,19,56,36,825.0,1.865,836.0,3.461,1296.3000000000063,0,0,Standard
1011,807,1,12,2019,2,Bahrain International Circuit,6,100753,4,17,Renault,6.0,6.0,95215,5538,0,12,57,45,817.0,4.332,841.0,9.214,458.60000000000036,0,0,Standard
968,826,1,8,2016,21,Yas Marina Circuit,12,111776,5,17,Toro Rosso,25.0,63.0,108752,3024,0,8,55,47,154.0,0.227,821.0,0.8,578.0999999999957,0,0,Undercut
1011,815,1,8,2019,2,Bahrain International Circuit,11,101397,211,14,Racing Point,0.0,2.0,96330,5067,0,8,57,49,846.0,0.351,842.0,0.082,110.79999999999376,0,0,Undercut
928,813,2,33,2015,3,Shanghai International Circuit,12,141283,208,11,Lotus F1,0.0,0.0,103686,37597,11,22,56,23,831.0,2.244,828.0,3.915,5000.0,1,0,Standard
976,8,1,12,2017,8,Baku City Circuit,4,125963,6,3,Ferrari,73.0,214.0,105542,20421,0,12,51,39,815.0,3.959,13.0,3.677,3758.400000000001,0,0,Standard
1096,825,1,28,2022,22,Yas Marina Circuit,18,95327,210,16,Haas F1 Team,25.0,37.0,91158,4169,0,28,58,30,842.0,5.457,849.0,8.581,95.50000000000044,0,0,Standard
911,3,2,19,2014,12,Circuit de Spa-Francorchamps,5,121210,131,1,Mercedes,202.0,393.0,110511,10699,8,11,44,25,822.0,6.191,825.0,0.451,1205.0000000000136,0,0,Standard
1061,842,2,28,2021,10,Silverstone Circuit,6,92660,213,11,AlphaTauri,39.0,48.0,90266,2394,2,26,52,24,1.0,7.991,817.0,1.715,2.700000000005528,1,0,Standard
980,822,2,30,2017,12,Circuit de Spa-Francorchamps,3,146536,131,3,Mercedes,169.0,357.0,107721,38815,13,17,44,14,20.0,12.242,817.0,15.0,5000.0,0,0,Standard
1133,807,1,2,2024,13,Hungaroring,17,88821,210,11,Haas F1 Team,22.0,27.0,83461,5360,0,2,70,68,858.0,0.278,815.0,0.071,-5000.0,0,0,Undercut
914,8,3,23,2014,15,Suzuka Circuit,9,119217,6,10,Ferrari,45.0,178.0,112426,6791,11,12,44,21,807.0,7.117,826.0,1.897,645.6000000000076,0,0,Standard
907,154,1,3,2014,8,Red Bull Ring,21,80225,208,22,Lotus F1,8.0,8.0,73953,6272,0,3,71,68,820.0,0.636,20.0,15.0,-3632.5000000000114,0,0,Undercut
990,807,2,39,2018,2,Bahrain International Circuit,4,99445,4,7,Renault,6.0,7.0,94667,4778,15,24,57,18,1.0,15.0,842.0,0.534,477.09999999999644,0,0,Standard
1088,854,2,33,2022,15,Circuit Park Zandvoort,15,83640,210,8,Haas F1 Team,12.0,34.0,75233,8407,13,20,72,39,848.0,3.516,20.0,1.383,1119.500000000002,0,0,Standard
1111,1,1,3,2023,13,Circuit Park Zandvoort,20,119015,131,13,Mercedes,148.0,247.0,73904,45111,0,3,72,69,858.0,2.712,,15.0,5000.0,0,0,Emergency
957,826,1,6,2016,10,Silverstone Circuit,7,117189,5,15,Toro Rosso,22.0,36.0,97667,19522,0,6,52,46,815.0,1.724,18.0,1.036,-5000.0,0,0,Standard
1058,8,1,36,2021,8,Red Bull Ring,9,74571,51,18,Alfa Romeo,1.0,2.0,69128,5443,0,36,71,35,844.0,1.634,840.0,2.673,390.99999999999943,0,0,Standard
948,832,3,31,2016,1,Albert Park Grand Prix Circuit,10,113053,5,7,Toro Rosso,0.0,0.0,91671,21382,18,13,57,26,822.0,2.031,835.0,0.111,4114.899999999986,0,0,Standard
1100,832,3,55,2023,3,Albert Park Grand Prix Circuit,4,1010212,6,5,Ferrari,20.0,26.0,80467,100000,8,47,58,3,4.0,3.193,842.0,2.553,5000.0,0,0,Emergency
1076,854,1,14,2022,3,Albert Park Grand Prix Circuit,18,101908,210,15,Haas F1 Team,0.0,12.0,83006,18902,0,14,58,44,20.0,8.866,849.0,12.948,3363.699999999997,0,1,Standard
929,829,1,19,2015,4,Bahrain International Circuit,18,109973,209,18,Manor Marussia,0.0,0.0,101759,8214,0,19,57,38,830.0,15.0,833.0,15.0,880.3000000000077,0,1,Standard
914,822,2,11,2014,15,Suzuka Circuit,4,120023,3,3,Williams,122.0,187.0,114103,5920,2,9,44,33,13.0,1.093,20.0,1.774,-5000.0,0,0,Standard
914,4,1,2,2014,15,Suzuka Circuit,5,189739,6,5,Ferrari,133.0,178.0,189504,235,0,2,44,42,13.0,2.053,817.0,2.962,235.00000000008038,0,0,Standard
917,825,1,7,2014,18,Autódromo José Carlos Pace,4,81676,1,7,McLaren,53.0,147.0,74544,7132,0,7,71,64,821.0,0.453,8.0,0.179,876.8999999999967,0,0,Undercut
1016,842,1,7,2019,7,Circuit Gilles Villeneuve,13,93794,9,5,Red Bull,32.0,110.0,76157,17637,0,7,70,63,841.0,1.748,154.0,4.128,3225.9999999999945,0,0,Standard
1004,828,2,37,2018,16,Sochi Autodrom,13,103994,15,10,Sauber,6.0,21.0,97931,6063,11,26,53,16,154.0,6.927,4.0,15.0,832.8999999999988,0,0,Standard
1064,1,3,70,2021,13,Circuit Park Zandvoort,2,76335,131,2,Mercedes,202.5,310.5,71097,5238,39,31,72,2,830.0,5.912,822.0,15.0,581.7999999999912,0,0,Standard
1071,840,1,7,2021,19,Autódromo José Carlos Pace,12,120022,117,14,Aston Martin,26.0,68.0,75344,44678,0,7,71,64,4.0,1.707,841.0,1.586,5000.0,0,0,Standard
1100,4,2,55,2023,3,Albert Park Grand Prix Circuit,3,1013873,117,4,Aston Martin,30.0,38.0,80476,100000,8,47,58,3,1.0,15.0,832.0,3.193,5000.0,0,0,Emergency
945,8,1,10,2015,19,Yas Marina Circuit,3,110750,6,3,Ferrari,135.0,401.0,104942,5808,0,10,55,45,1.0,6.662,20.0,12.159,601.699999999994,0,0,Standard
1143,840,2,7,2024,23,Losail International Circuit,18,96330,117,15,Aston Martin,24.0,86.0,90935,5395,1,6,57,50,859.0,7.763,,15.0,-5000.0,0,0,Standard
1042,815,1,1,2020,12,Autódromo Internacional do Algarve,20,107446,211,5,Racing Point,68.0,120.0,80802,26644,0,1,66,65,826.0,3.855,,15.0,0.0,0,0,Standard
1081,855,1,9,2022,8,Baku City Circuit,13,132706,51,14,Alfa Romeo,1.0,41.0,108723,23983,0,9,51,42,839.0,2.674,825.0,2.975,4440.199999999987,0,0,Standard
1133,848,1,6,2024,13,Hungaroring,11,88058,3,13,Williams,4.0,4.0,83930,4128,0,6,70,64,852.0,0.088,822.0,0.73,282.9999999999927,0,0,Undercut
1093,830,2,35,2022,19,Circuit of the Americas,1,101289,9,2,Red Bull,366.0,619.0,99541,1748,13,22,56,21,,15.0,844.0,7.981,-34.00000000001018,0,0,Standard
1057,8,3,48,2021,6,Baku City Circuit,11,182673,51,14,Alfa Romeo,0.0,1.0,105601,77072,47,1,51,3,4.0,2.621,841.0,2.124,0.0,1,1,Standard
968,831,2,36,2016,21,Yas Marina Circuit,18,115418,15,19,Sauber,2.0,2.0,106287,9131,7,29,55,19,836.0,1.52,,15.0,996.9999999999901,0,0,Standard
1057,4,3,47,2021,6,Baku City Circuit,10,138391,214,8,Alpine F1 Team,5.0,17.0,105624,32767,34,13,51,4,817.0,2.367,8.0,1.348,5000.0,0,0,Standard
1086,847,1,16,2022,13,Hungaroring,3,87655,131,1,Mercedes,143.0,270.0,82766,4889,0,16,70,54,844.0,0.748,1.0,7.96,724.9999999999945,0,0,Undercut
1053,8,2,32,2021,2,Autodromo Enzo e Dino Ferrari,8,137370,51,16,Alfa Romeo,0.0,0.0,79422,57948,26,6,63,31,840.0,2.649,1.0,1.575,5000.0,0,1,Emergency
1035,841,1,7,2020,5,Silverstone Circuit,14,94067,51,19,Alfa Romeo,2.0,2.0,91826,2241,0,7,52,45,825.0,0.343,154.0,1.008,-357.20000000000175,0,0,Undercut
1053,839,4,32,2021,2,Autodromo Enzo e Dino Ferrari,13,144671,214,9,Alpine F1 Team,0.0,0.0,79417,65254,31,1,63,31,4.0,10.427,842.0,15.0,0.0,0,0,Emergency
1118,842,4,46,2023,20,Autódromo José Carlos Pace,9,80564,214,15,Alpine F1 Team,56.0,101.0,74521,6043,26,20,71,25,852.0,1.576,839.0,13.296,859.1000000000021,0,0,Standard
1128,840,1,1,2024,8,Circuit de Monaco,11,2502648,117,13,Aston Martin,11.0,44.0,76710,100000,0,1,78,77,842.0,4.953,817.0,4.959,0.0,0,0,Emergency
1082,842,2,36,2022,9,Circuit Gilles Villeneuve,17,95091,213,15,AlphaTauri,16.0,27.0,77810,17281,5,31,70,34,846.0,8.467,849.0,11.271,2962.3000000000006,0,0,Standard
961,831,1,2,2016,14,Autodromo Nazionale di Monza,22,151901,15,18,Sauber,0.0,0.0,97837,54064,0,2,53,51,835.0,15.0,,15.0,5000.0,0,0,Standard
1074,817,1,17,2022,1,Bahrain International Circuit,18,106215,1,18,McLaren,0.0,0.0,97261,8954,0,17,57,40,854.0,0.835,848.0,1.94,864.8000000000102,0,0,Undercut
1055,830,2,60,2021,4,Circuit de Barcelona-Catalunya,2,88448,9,2,Red Bull,61.0,83.0,78149,10299,24,36,66,6,1.0,5.683,822.0,15.0,1104.2000000000178,0,0,Standard
973,4,2,31,2017,5,Circuit de Barcelona-Catalunya,15,92387,1,7,McLaren,0.0,0.0,83894,8493,12,19,66,35,840.0,0.69,838.0,10.448,733.700000000004,0,0,Undercut
1005,843,1,28,2018,17,Suzuka Circuit,9,99688,5,6,Toro Rosso,2.0,30.0,94857,4831,0,28,53,25,832.0,9.87,844.0,4.441,490.1999999999983,0,0,Standard
1071,8,1,7,2021,19,Autódromo José Carlos Pace,17,117858,51,0,Alfa Romeo,10.0,11.0,72621,45237,0,7,71,64,849.0,2.872,847.0,0.747,5000.0,0,1,Standard
1017,832,1,19,2019,8,Circuit Paul Ricard,9,116821,1,6,McLaren,18.0,30.0,94561,22260,0,19,53,34,840.0,4.15,848.0,1.248,3936.7000000000003,0,0,Standard
978,1,1,25,2017,10,Silverstone Circuit,1,92410,131,1,Mercedes,151.0,287.0,90621,1789,0,25,51,26,,15.0,822.0,15.0,111.9999999999987,0,0,Standard
966,3,1,20,2016,19,Autódromo Hermanos Rodríguez,1,86642,131,2,Mercedes,331.0,636.0,82792,3850,0,20,71,51,,15.0,8.0,8.662,594.2000000000003,0,0,Standard
1044,817,2,32,2020,14,Istanbul Park,8,107848,4,5,Renault,95.0,135.0,100677,7171,10,22,58,26,830.0,1.361,844.0,12.681,941.5999999999974,0,1,Standard
955,817,1,6,2016,8,Baku City Circuit,6,118907,9,2,Red Bull,72.0,130.0,107736,11171,0,6,51,45,13.0,0.016,822.0,0.585,1968.2000000000005,0,0,Undercut
901,18,3,39,2014,2,Sepang International Circuit,8,110530,1,10,McLaren,15.0,33.0,106039,4491,25,14,56,17,13.0,1.822,822.0,2.746,612.3999999999975,0,0,Standard
1114,852,2,30,2023,16,Suzuka Circuit,10,102697,213,9,AlphaTauri,3.0,5.0,97768,4929,9,21,53,23,4.0,6.874,839.0,2.514,478.2999999999955,0,1,Standard
975,840,1,25,2017,7,Circuit Gilles Villeneuve,16,95339,3,17,Williams,0.0,20.0,75979,19360,0,25,70,45,828.0,2.24,836.0,0.977,3331.200000000004,0,0,Overcut
970,4,1,2,2017,2,Shanghai International Circuit,8,145244,1,13,McLaren,0.0,0.0,99496,45748,0,2,56,54,826.0,2.268,13.0,2.796,5000.0,0,0,Emergency
910,20,1,9,2014,11,Hungaroring,3,137406,9,2,Red Bull,82.0,188.0,88746,48660,0,9,70,61,822.0,0.276,4.0,0.575,5000.0,0,0,Undercut
1144,859,1,23,2024,24,Yas Marina Circuit,9,94497,215,12,RB F1 Team,4.0,46.0,88751,5746,0,23,58,35,807.0,1.043,4.0,5.878,764.3999999999937,0,0,Standard
961,828,1,23,2016,14,Autodromo Nazionale di Monza,15,95061,15,19,Sauber,0.0,0.0,88552,6509,0,23,53,30,18.0,1.497,836.0,6.801,965.1999999999971,0,0,Standard
1110,817,1,5,2023,12,Circuit de Spa-Francorchamps,19,119336,213,19,AlphaTauri,0.0,2.0,110994,8342,0,5,44,39,825.0,0.651,,15.0,-1087.3000000000025,0,0,Undercut
1078,839,1,41,2022,5,Miami International Autodrome,8,122285,214,20,Alpine F1 Team,20.0,22.0,93163,29122,0,41,57,16,847.0,15.0,4.0,1.259,5000.0,1,0,Emergency
930,154,1,15,2015,5,Circuit de Barcelona-Catalunya,6,97243,208,11,Lotus F1,12.0,12.0,91945,5298,0,15,66,51,1.0,15.0,13.0,0.147,367.9000000000078,1,1,Standard
942,154,2,9,2015,16,Circuit of the Americas,15,121697,208,10,Lotus F1,44.0,66.0,119612,2085,1,8,56,47,813.0,15.0,4.0,3.493,-4824.90000000001,0,0,Standard
1108,855,1,24,2023,10,Silverstone Circuit,15,93170,51,17,Alfa Romeo,4.0,9.0,91769,1401,0,24,52,28,856.0,2.68,822.0,2.293,-103.00000000000112,0,0,Standard
959,830,3,45,2016,12,Hockenheimring,3,84054,9,4,Red Bull,100.0,223.0,78910,5144,28,17,67,22,817.0,6.379,20.0,4.703,746.7999999999922,0,0,Standard
1139,822,1,15,2024,19,Circuit of the Americas,15,102714,15,16,Sauber,0.0,0.0,100575,2139,0,15,56,41,861.0,1.758,839.0,0.73,100.80000000000103,0,0,Standard
1115,852,2,22,2023,17,Losail International Circuit,12,93639,213,11,AlphaTauri,3.0,5.0,87174,6465,9,13,57,35,858.0,0.27,855.0,1.197,753.2000000000019,0,0,Undercut
1029,825,1,27,2019,20,Autódromo José Carlos Pace,18,79824,210,9,Haas F1 Team,20.0,28.0,73262,6562,0,27,71,44,826.0,2.495,847.0,15.0,873.5999999999959,0,0,Standard
901,817,5,44,2014,2,Sepang International Circuit,16,110765,9,5,Red Bull,0.0,0.0,104675,6090,42,2,56,12,820.0,1.328,,15.0,-5000.0,0,0,Standard
993,1,1,25,2018,5,Circuit de Barcelona-Catalunya,1,84565,131,1,Mercedes,70.0,110.0,79133,5432,0,25,66,41,,15.0,830.0,15.0,762.9000000000034,0,0,Standard
1030,20,2,38,2019,21,Yas Marina Circuit,6,105352,6,4,Ferrari,230.0,479.0,100128,5224,12,26,55,17,822.0,0.082,826.0,15.0,388.4,0,0,Undercut
1069,4,1,7,2021,17,Circuit of the Americas,15,104494,214,19,Alpine F1 Team,58.0,104.0,100067,4427,0,7,56,49,20.0,0.516,840.0,2.073,-405.3000000000098,0,0,Undercut
1037,846,1,11,2020,7,Circuit de Spa-Francorchamps,10,153578,1,10,McLaren,39.0,62.0,108552,45026,0,11,44,33,815.0,6.65,826.0,4.746,5000.0,0,0,Standard
970,825,1,2,2017,2,Shanghai International Circuit,11,147371,210,12,Haas F1 Team,0.0,0.0,97528,49843,0,2,56,54,815.0,1.0,828.0,1.017,5000.0,0,0,Emergency
997,20,1,15,2018,9,Red Bull Ring,5,89122,6,6,Ferrari,131.0,214.0,67082,22040,0,15,71,56,817.0,2.392,154.0,11.498,3881.900000000004,0,0,Emergency
962,839,1,1,2016,15,Marina Bay Street Circuit,17,187275,209,21,Manor Marussia,0.0,1.0,111748,75527,0,1,61,60,836.0,0.955,831.0,1.612,0.0,0,0,Undercut
1105,815,1,27,2023,7,Circuit de Barcelona-Catalunya,4,85177,9,11,Red Bull,105.0,249.0,76666,8511,0,27,66,39,1.0,1.01,840.0,7.748,938.9999999999992,0,0,Standard
1086,817,1,15,2022,13,Hungaroring,11,90229,1,9,McLaren,19.0,89.0,83590,6639,0,15,70,55,822.0,1.248,855.0,0.899,1082.8000000000002,0,0,Standard
902,13,2,28,2014,3,Bahrain International Circuit,5,106906,3,7,Williams,6.0,20.0,99272,7634,13,15,57,29,807.0,3.533,18.0,0.054,960.800000000001,0,0,Standard
936,831,2,32,2015,10,Hungaroring,15,92743,15,18,Sauber,16.0,21.0,88268,4475,14,18,69,37,828.0,4.731,815.0,14.204,708.8999999999907,0,1,Standard
1075,840,1,13,2022,2,Jeddah Corniche Circuit,15,101859,117,13,Aston Martin,0.0,0.0,94446,7413,0,13,50,37,807.0,5.36,849.0,2.89,826.2000000000024,0,0,Standard
1056,832,1,32,2021,5,Circuit de Monaco,3,93980,6,4,Ferrari,20.0,60.0,74621,19359,0,32,78,46,815.0,5.853,846.0,6.933,3591.8999999999887,0,1,Standard
1053,844,2,33,2021,2,Autodromo Enzo e Dino Ferrari,2,131844,6,4,Ferrari,8.0,12.0,78379,53465,28,5,63,30,830.0,15.0,846.0,15.0,5000.0,0,0,Standard
1071,842,4,51,2021,19,Autódromo José Carlos Pace,7,78440,213,7,AlphaTauri,86.0,106.0,73227,5213,25,26,71,20,832.0,10.583,839.0,10.219,759.1999999999964,0,0,Standard
1082,848,1,18,2022,9,Circuit Gilles Villeneuve,17,96605,3,12,Williams,3.0,3.0,77951,18654,0,18,70,52,842.0,4.635,825.0,2.337,3541.5999999999976,0,0,Standard
999,844,3,46,2018,11,Hockenheimring,16,93091,15,9,Sauber,13.0,16.0,77852,15239,43,3,67,21,845.0,15.0,4.0,6.999,-4392.500000000046,0,0,Standard
932,822,1,28,2015,7,Circuit Gilles Villeneuve,3,97332,3,4,Williams,42.0,81.0,77922,19410,0,28,70,42,3.0,15.0,8.0,3.738,3681.899999999998,0,1,Standard
914,13,2,12,2014,15,Suzuka Circuit,3,119599,3,4,Williams,65.0,187.0,113450,6149,2,10,44,32,1.0,15.0,20.0,0.779,-5000.0,0,0,Standard
1066,852,1,13,2021,15,Sochi Autodrom,20,108912,213,12,AlphaTauri,18.0,84.0,99960,8952,0,13,53,40,849.0,1.943,,15.0,988.1000000000068,0,0,Standard
976,807,2,17,2017,8,Baku City Circuit,8,146622,4,13,Renault,18.0,18.0,108536,38086,13,4,51,34,840.0,0.935,817.0,2.323,-5000.0,0,0,Undercut
1141,859,1,28,2024,21,Autódromo José Carlos Pace,7,113045,215,5,RB F1 Team,2.0,36.0,82123,30922,0,28,69,41,842.0,15.0,844.0,2.282,5000.0,0,0,Emergency
1027,8,1,15,2019,18,Autódromo Hermanos Rodríguez,12,86595,51,14,Alfa Romeo,31.0,35.0,80082,6513,0,15,71,56,841.0,1.842,825.0,4.547,652.2000000000048,0,0,Standard
917,154,3,59,2014,18,Autódromo José Carlos Pace,12,81613,208,14,Lotus F1,8.0,10.0,74070,7543,40,19,71,12,822.0,0.252,813.0,0.408,1322.0999999999954,0,0,Undercut
1121,842,3,43,2024,1,Bahrain International Circuit,17,99291,214,20,Alpine F1 Team,0.0,0.0,94805,4486,31,12,57,14,839.0,6.154,807.0,6.222,539.6999999999994,0,1,Standard
1057,8,2,47,2021,6,Baku City Circuit,11,139263,51,14,Alfa Romeo,0.0,1.0,105601,33662,13,34,51,4,4.0,1.348,841.0,2.067,5000.0,0,0,Standard
901,4,1,11,2014,2,Sepang International Circuit,6,112322,6,4,Ferrari,12.0,18.0,104165,8157,0,11,56,45,807.0,1.644,18.0,5.643,953.4000000000034,0,0,Standard
936,828,3,41,2015,10,Hungaroring,17,101213,15,17,Sauber,5.0,21.0,88004,13209,33,8,69,28,813.0,4.625,831.0,3.132,2157.3999999999924,0,0,Standard
1070,817,1,1,2021,18,Autódromo Hermanos Rodríguez,16,129523,1,7,McLaren,105.0,254.0,81069,48454,0,1,71,70,846.0,0.404,840.0,0.914,0.0,0,0,Emergency
1070,20,1,33,2021,18,Autódromo Hermanos Rodríguez,6,85315,117,9,Aston Martin,36.0,62.0,80460,4855,0,33,71,38,842.0,0.711,844.0,2.095,520.5000000000002,1,0,Undercut
1087,839,1,12,2022,14,Circuit de Spa-Francorchamps,10,120431,214,16,Alpine F1 Team,58.0,99.0,111717,8714,0,12,44,32,846.0,1.544,855.0,0.988,1056.0000000000025,0,0,Standard
990,845,1,22,2018,2,Bahrain International Circuit,16,103477,3,18,Williams,0.0,0.0,94563,8914,0,22,57,35,844.0,5.039,843.0,5.094,1223.2000000000078,0,1,Standard
1039,848,4,43,2020,9,Autodromo Internazionale del Mugello,4,110967,9,4,Red Bull,48.0,158.0,80039,30928,32,11,59,16,817.0,5.308,815.0,15.0,5000.0,0,0,Standard
1007,807,1,12,2018,19,Autódromo Hermanos Rodríguez,6,87832,4,7,Renault,61.0,106.0,80637,7195,0,12,71,59,1.0,8.328,822.0,3.173,928.6999999999985,1,1,Standard
1039,817,3,27,2020,9,Autodromo Internazionale del Mugello,8,101016,4,8,Renault,41.0,71.0,80426,20590,8,19,59,32,826.0,0.255,847.0,8.688,3526.2999999999956,0,0,Undercut
949,831,1,10,2016,2,Bahrain International Circuit,11,105446,15,21,Sauber,0.0,0.0,95360,10086,0,10,57,47,828.0,2.506,825.0,0.193,949.6999999999987,0,0,Standard
1035,822,1,13,2020,5,Silverstone Circuit,1,91947,131,1,Mercedes,58.0,146.0,89765,2182,0,13,52,39,,15.0,1.0,2.707,-145.7999999999936,0,0,Standard
1109,830,2,51,2023,11,Hungaroring,1,86210,9,2,Red Bull,255.0,411.0,80504,5706,23,28,70,19,,15.0,846.0,15.0,549.8999999999982,0,0,Standard
928,4,2,35,2015,3,Shanghai International Circuit,13,111416,1,18,McLaren,0.0,0.0,103728,7688,12,23,56,21,828.0,12.235,813.0,1.569,920.1999999999963,0,1,Standard
944,813,2,44,2015,18,Autódromo José Carlos Pace,9,83924,208,15,Lotus F1,26.0,71.0,76354,7570,25,19,71,27,13.0,6.621,154.0,0.503,1186.200000000002,0,0,Standard
944,813,1,25,2015,18,Autódromo José Carlos Pace,12,84116,208,15,Lotus F1,26.0,71.0,76354,7762,0,25,71,46,154.0,3.515,817.0,4.063,884.7000000000025,0,0,Standard
1071,841,3,29,2021,19,Autódromo José Carlos Pace,13,81778,51,13,Alfa Romeo,1.0,11.0,74227,7551,8,21,71,42,852.0,3.521,847.0,2.001,1332.5000000000043,0,0,Standard
1087,4,2,25,2022,14,Circuit de Spa-Francorchamps,8,119470,214,3,Alpine F1 Team,41.0,99.0,112868,6602,11,14,44,19,839.0,0.202,848.0,7.968,849.8000000000029,0,0,Undercut
1079,1,2,22,2022,6,Circuit de Barcelona-Catalunya,16,94486,131,6,Mercedes,36.0,95.0,84253,10233,1,21,66,44,840.0,2.57,20.0,3.762,902.0000000000007,0,1,Standard
974,13,1,38,2017,6,Circuit de Monaco,16,95484,3,14,Williams,18.0,18.0,76543,18941,0,38,78,40,839.0,0.24,828.0,15.0,3477.2999999999874,1,0,Undercut
1069,4,2,28,2021,17,Circuit of the Americas,11,102779,214,19,Alpine F1 Team,58.0,104.0,100067,2712,7,21,56,28,8.0,10.732,20.0,1.774,661.8000000000012,0,0,Standard
1086,817,2,46,2022,13,Hungaroring,8,87760,1,9,McLaren,19.0,89.0,83590,4170,15,31,70,24,846.0,0.731,840.0,1.056,524.3000000000034,0,0,Undercut
1055,846,1,23,2021,4,Circuit de Barcelona-Catalunya,8,87125,1,9,McLaren,37.0,53.0,81279,5846,0,23,66,43,839.0,1.908,8.0,5.7,531.8000000000023,0,0,Standard
1127,825,1,37,2024,7,Autodromo Enzo e Dino Ferrari,12,87682,210,18,Haas F1 Team,1.0,7.0,81009,6673,0,37,63,26,807.0,1.158,817.0,1.007,890.3000000000026,0,0,Overcut
960,830,1,1,2016,13,Circuit de Spa-Francorchamps,16,129574,9,2,Red Bull,115.0,256.0,113281,16293,0,1,44,43,1.0,1.378,828.0,1.178,0.0,0,0,Standard
979,8,1,33,2017,11,Hungaroring,1,83778,6,2,Ferrari,98.0,275.0,80461,3317,0,33,70,37,,15.0,830.0,7.159,119.90000000000228,0,0,Standard
970,825,2,4,2017,2,Shanghai International Circuit,13,154920,210,12,Haas F1 Team,0.0,0.0,97528,57392,2,2,56,52,815.0,1.985,835.0,2.868,-439.00000000000557,1,0,Standard
1059,847,1,17,2021,7,Circuit Paul Ricard,19,120045,3,14,Williams,0.0,0.0,98314,21731,0,17,53,36,852.0,1.182,854.0,15.0,3820.6000000000026,1,1,Standard
1072,832,1,13,2021,21,Jeddah Corniche Circuit,9,180919,6,15,Ferrari,145.5,297.5,91851,89068,0,13,50,37,815.0,1.196,841.0,2.165,5000.0,0,0,Emergency
940,3,1,15,2015,14,Suzuka Circuit,2,102576,131,1,Mercedes,211.0,463.0,97147,5429,0,15,53,38,1.0,15.0,20.0,13.568,438.4000000000023,0,1,Standard
1075,839,1,16,2022,2,Jeddah Corniche Circuit,9,126558,214,5,Alpine F1 Team,6.0,8.0,93103,33455,0,16,50,34,825.0,2.723,1.0,0.389,5000.0,0,0,Emergency
1114,825,1,12,2023,16,Suzuka Circuit,18,122936,210,15,Haas F1 Team,3.0,12.0,97842,25094,0,12,53,41,815.0,1.188,858.0,15.0,4552.8,0,0,Standard
958,815,1,27,2016,11,Hungaroring,7,89710,10,13,Force India,47.0,73.0,85021,4689,0,27,70,43,830.0,12.842,4.0,6.449,500.2000000000005,0,0,Standard
1129,842,2,40,2024,9,Circuit Gilles Villeneuve,18,102267,214,15,Alpine F1 Team,1.0,2.0,77013,25254,25,15,70,30,855.0,8.19,844.0,15.0,2910.2000000000103,0,0,Standard
968,836,2,24,2016,21,Yas Marina Circuit,16,111044,209,16,Manor Marussia,1.0,1.0,106145,4899,6,18,55,31,831.0,3.624,839.0,5.783,392.5999999999966,0,1,Standard
938,1,1,26,2015,12,Autodromo Nazionale di Monza,1,92707,131,1,Mercedes,227.0,426.0,86672,6035,0,26,53,27,,15.0,20.0,15.0,855.2999999999915,0,1,Standard
1052,839,2,31,2021,1,Bahrain International Circuit,10,99268,214,16,Alpine F1 Team,0.0,0.0,95250,4018,13,18,56,25,852.0,8.871,840.0,2.959,453.000000000006,0,0,Standard
997,840,2,65,2018,9,Red Bull Ring,13,73806,3,14,Williams,4.0,4.0,69203,4603,15,50,71,6,832.0,14.347,845.0,15.0,718.9000000000038,0,0,Standard
975,20,1,5,2017,7,Circuit Gilles Villeneuve,18,102783,6,2,Ferrari,129.0,196.0,74719,28064,0,5,70,65,836.0,12.776,,15.0,-5000.0,0,0,Standard
1052,844,1,12,2021,1,Bahrain International Circuit,6,100477,6,4,Ferrari,0.0,0.0,94988,5489,0,12,56,44,846.0,1.423,832.0,1.497,424.4000000000004,0,0,Standard
1042,830,1,23,2020,12,Autódromo Internacional do Algarve,4,85538,9,3,Red Bull,147.0,211.0,79854,5684,0,23,66,43,844.0,0.753,842.0,13.418,635.0999999999967,0,0,Undercut
1112,857,1,23,2023,14,Autodromo Nazionale di Monza,3,91866,1,7,McLaren,36.0,111.0,85072,6794,0,23,51,28,830.0,2.25,832.0,2.752,870.0999999999975,0,0,Standard
1004,4,1,5,2018,16,Sochi Autodrom,18,109256,1,16,McLaren,50.0,58.0,99590,9666,0,5,53,48,838.0,3.561,,15.0,-1015.3000000000079,0,0,Standard
1100,852,3,55,2023,3,Albert Park Grand Prix Circuit,13,958961,213,12,AlphaTauri,0.0,0.0,81789,100000,54,1,58,3,855.0,4.619,822.0,3.227,0.0,1,1,Emergency
927,1,2,24,2015,2,Sepang International Circuit,2,112137,131,1,Mercedes,25.0,43.0,103125,9012,4,20,56,32,20.0,4.633,3.0,3.024,1139.600000000003,0,0,Standard
1134,848,2,23,2024,14,Circuit de Spa-Francorchamps,11,114299,3,10,Williams,4.0,4.0,107996,6303,8,15,44,21,4.0,1.337,842.0,0.584,840.0999999999998,0,0,Standard
1062,8,2,3,2021,11,Hungaroring,8,1579497,51,13,Alfa Romeo,1.0,2.0,81518,100000,2,1,70,67,847.0,0.688,854.0,0.883,0.0,1,1,Emergency
1128,1,1,1,2024,8,Circuit de Monaco,7,2483804,131,7,Mercedes,35.0,79.0,74165,100000,0,1,78,77,830.0,4.86,852.0,4.805,0.0,0,0,Emergency
929,817,2,35,2015,4,Bahrain International Circuit,5,104355,9,7,Red Bull,11.0,13.0,98948,5407,14,21,57,22,3.0,15.0,822.0,8.559,598.3999999999897,1,1,Standard
1028,817,1,21,2019,19,Circuit of the Americas,4,103950,4,9,Renault,38.0,73.0,100564,3386,0,21,56,35,830.0,15.0,807.0,12.913,312.6000000000057,0,0,Standard
1073,840,1,21,2021,22,Yas Marina Circuit,11,92575,117,13,Aston Martin,34.0,77.0,88567,4008,0,21,58,37,846.0,0.978,844.0,0.97,454.5000000000021,0,0,Undercut
972,836,1,2,2017,4,Sochi Autodrom,17,155148,15,17,Sauber,0.0,0.0,100922,54226,0,2,52,50,828.0,0.454,,15.0,5000.0,1,0,Emergency
967,825,3,28,2016,20,Autódromo José Carlos Pace,12,138894,4,18,Renault,7.0,8.0,86524,52370,20,8,71,43,822.0,1.815,18.0,3.474,3880.100000000001,0,0,Standard
940,831,1,10,2015,14,Suzuka Circuit,11,106061,15,16,Sauber,17.0,26.0,100088,5973,0,10,53,43,828.0,1.807,18.0,0.793,643.2999999999994,0,0,Standard
991,825,1,24,2018,3,Shanghai International Circuit,7,104253,210,11,Haas F1 Team,10.0,10.0,98152,6101,0,24,56,32,817.0,15.0,4.0,1.265,881.1000000000017,0,0,Standard
918,813,1,7,2014,19,Yas Marina Circuit,12,112953,208,15,Lotus F1,2.0,10.0,108933,4020,0,7,55,48,20.0,0.885,155.0,2.138,498.89999999999714,0,0,Undercut
1051,842,1,13,2021,20,Losail International Circuit,17,112700,213,2,AlphaTauri,92.0,112.0,87019,25681,0,13,57,44,854.0,0.786,853.0,1.828,4487.399999999999,0,0,Undercut
970,832,4,28,2017,2,Shanghai International Circuit,6,104375,5,11,Toro Rosso,4.0,6.0,97398,6977,6,22,56,28,8.0,14.584,822.0,5.11,964.9999999999997,0,0,Standard
1124,857,1,1,2024,4,Suzuka Circuit,6,144356,1,6,McLaren,28.0,55.0,94802,49554,0,1,53,52,4.0,3.83,1.0,8.36,0.0,0,0,Standard
979,835,1,46,2017,11,Hungaroring,11,88551,4,10,Renault,0.0,26.0,81589,6962,0,46,70,24,838.0,2.345,825.0,1.685,887.6999999999958,0,0,Standard
976,807,1,13,2017,8,Baku City Circuit,8,150490,4,13,Renault,18.0,18.0,108536,41954,0,13,51,38,839.0,2.968,825.0,15.0,5000.0,1,1,Standard
974,828,1,35,2017,6,Circuit de Monaco,17,95806,15,19,Sauber,0.0,4.0,76829,18977,0,35,78,43,840.0,15.0,836.0,5.921,3604.599999999995,0,0,Standard
986,838,1,31,2017,18,Autódromo Hermanos Rodríguez,10,88074,1,19,McLaren,13.0,23.0,80972,7102,0,31,71,40,4.0,4.531,13.0,15.0,985.2000000000085,0,0,Standard
971,8,1,12,2017,3,Bahrain International Circuit,4,99139,6,5,Ferrari,22.0,65.0,93720,5419,0,12,57,45,817.0,5.219,13.0,2.667,509.59999999999604,0,0,Standard
1016,154,1,34,2019,7,Circuit Gilles Villeneuve,15,95392,210,14,Haas F1 Team,2.0,16.0,76245,19147,0,34,70,36,841.0,4.458,825.0,11.179,3451.5000000000177,1,0,Standard
901,826,2,22,2014,2,Sepang International Circuit,11,112826,5,11,Toro Rosso,2.0,6.0,106695,6131,10,12,56,34,825.0,1.04,154.0,1.902,1076.000000000002,0,0,Standard
1039,20,6,45,2020,9,Autodromo Internazionale del Mugello,12,1375100,6,14,Ferrari,16.0,61.0,81202,100000,43,2,59,14,847.0,2.908,,15.0,5000.0,1,0,Emergency
1128,1,51,2,2024,8,Circuit de Monaco,7,152812,131,7,Mercedes,35.0,79.0,74165,78647,1,1,78,76,830.0,0.229,852.0,0.27,0.0,1,1,Emergency
1076,844,1,22,2022,3,Albert Park Grand Prix Circuit,1,98340,6,1,Ferrari,45.0,78.0,80260,18080,0,22,58,36,,15.0,847.0,6.643,2888.3000000000093,0,0,Standard
960,3,1,9,2016,13,Circuit de Spa-Francorchamps,1,182739,131,1,Mercedes,198.0,415.0,111746,70993,0,9,44,35,,15.0,817.0,0.866,5000.0,0,0,Standard
1112,859,1,13,2023,14,Autodromo Nazionale di Monza,15,92053,213,12,AlphaTauri,0.0,3.0,85842,6211,0,13,51,38,839.0,0.71,840.0,1.642,907.7000000000061,0,0,Undercut
1079,847,1,13,2022,6,Circuit de Barcelona-Catalunya,3,92390,131,4,Mercedes,59.0,95.0,84636,7754,0,13,66,53,815.0,0.356,830.0,1.116,536.6000000000049,0,0,Undercut
914,820,2,11,2014,15,Suzuka Circuit,20,125035,206,21,Marussia,0.0,2.0,116472,8563,2,9,44,33,828.0,0.667,813.0,15.0,-5000.0,0,1,Undercut
994,839,1,23,2018,6,Circuit de Monaco,7,98104,10,6,Force India,1.0,18.0,77027,21077,0,23,78,55,842.0,3.658,807.0,0.752,3962.999999999995,0,0,Standard
1011,154,1,1,2019,2,Bahrain International Circuit,20,139964,210,11,Haas F1 Team,0.0,8.0,97262,42702,0,1,57,56,840.0,7.044,,15.0,0.0,0,0,Standard
1130,857,2,46,2024,10,Circuit de Barcelona-Catalunya,7,84084,1,9,McLaren,81.0,212.0,77874,6210,21,25,66,20,832.0,1.22,815.0,12.488,882.4999999999984,0,0,Standard
1018,840,1,25,2019,9,Red Bull Ring,12,74253,211,14,Racing Point,6.0,19.0,69288,4965,0,25,71,46,817.0,0.593,848.0,3.562,811.1000000000018,0,0,Undercut
943,834,2,50,2015,17,Autódromo Hermanos Rodríguez,18,115668,209,16,Manor Marussia,0.0,0.0,85005,30663,27,23,71,21,829.0,3.585,,15.0,5000.0,0,0,Standard
976,20,1,12,2017,8,Baku City Circuit,2,122100,6,4,Ferrari,141.0,214.0,103441,18659,0,12,51,39,1.0,4.032,815.0,9.281,3111.300000000009,0,0,Standard
1010,9,3,44,2019,1,Albert Park Grand Prix Circuit,17,108376,3,20,Williams,0.0,0.0,89284,19092,28,16,58,14,847.0,15.0,,15.0,3600.0000000000173,1,0,Standard
1070,8,1,32,2021,18,Autódromo Hermanos Rodríguez,7,85099,51,10,Alfa Romeo,6.0,7.0,80713,4386,0,32,71,39,842.0,1.896,844.0,0.231,599.8999999999988,1,1,Overcut
992,828,4,39,2018,4,Baku City Circuit,17,148577,15,18,Sauber,2.0,2.0,107925,40652,36,3,51,12,838.0,15.0,,15.0,5000.0,0,0,Standard
1108,852,2,32,2023,10,Silverstone Circuit,13,107079,213,16,AlphaTauri,2.0,2.0,92084,14995,14,18,52,20,822.0,9.438,840.0,2.849,2776.8999999999896,0,1,Standard
994,840,1,9,2018,6,Circuit de Monaco,20,147991,3,17,Williams,4.0,4.0,74944,73047,0,9,78,69,845.0,15.0,,15.0,5000.0,1,0,Standard
1115,858,1,13,2023,17,Losail International Circuit,9,94911,3,15,Williams,0.0,21.0,87983,6928,0,13,57,44,822.0,0.775,840.0,0.085,595.8000000000048,0,0,Undercut
938,4,1,28,2015,12,Autodromo Nazionale di Monza,14,95756,1,16,McLaren,11.0,17.0,89285,6471,0,28,53,25,830.0,11.403,18.0,7.621,953.2,0,0,Standard
911,4,1,12,2014,12,Circuit de Spa-Francorchamps,2,120692,6,4,Ferrari,115.0,142.0,113879,6813,0,12,44,32,822.0,1.428,18.0,3.429,646.2999999999932,0,0,Standard
982,1,1,1,2017,14,Marina Bay Street Circuit,1,179371,131,5,Mercedes,238.0,435.0,105008,74363,0,1,58,57,,15.0,817.0,1.51,0.0,0,0,Standard
905,820,1,24,2014,6,Circuit de Monaco,17,110933,206,19,Marussia,0.0,0.0,80579,30354,0,24,78,54,154.0,1.138,,15.0,5000.0,1,0,Standard
1124,840,3,22,2024,4,Suzuka Circuit,15,102328,117,16,Aston Martin,9.0,25.0,95798,6530,12,10,53,31,852.0,1.036,839.0,15.0,676.5000000000031,0,0,Standard
951,13,2,46,2016,4,Sochi Autodrom,5,107718,3,4,Williams,22.0,29.0,99743,7975,18,28,53,7,822.0,15.0,4.0,15.0,1179.8999999999994,0,0,Standard
1138,832,1,13,2024,18,Marina Bay Street Circuit,14,107072,6,10,Ferrari,184.0,425.0,96561,10511,0,13,62,49,825.0,3.046,842.0,1.387,1676.6000000000026,0,0,Standard
1072,840,3,15,2021,21,Jeddah Corniche Circuit,14,199187,117,18,Aston Martin,34.0,77.0,92804,100000,13,2,50,35,4.0,2.054,849.0,1.42,-5000.0,1,1,Emergency
1033,848,2,34,2020,3,Hungaroring,7,85954,9,13,Red Bull,12.0,27.0,79440,6514,3,31,70,36,815.0,0.485,817.0,3.438,612.9000000000119,0,0,Undercut
1072,830,1,13,2021,21,Jeddah Corniche Circuit,1,174881,9,3,Red Bull,351.5,541.5,91488,83393,0,13,50,37,,15.0,1.0,3.853,5000.0,0,0,Emergency
917,807,2,36,2014,18,Autódromo José Carlos Pace,4,80550,10,12,Force India,76.0,123.0,73728,6822,16,20,71,35,13.0,3.762,18.0,0.943,935.699999999997,0,0,Standard
904,16,2,35,2014,5,Circuit de Barcelona-Catalunya,17,96934,15,16,Sauber,0.0,0.0,91473,5461,17,18,66,31,821.0,5.35,824.0,15.0,785.2999999999936,0,0,Standard
1104,847,1,54,2023,6,Circuit de Monaco,5,117545,131,8,Mercedes,40.0,96.0,76798,40747,0,54,78,24,844.0,8.801,839.0,3.264,5000.0,0,0,Standard
1064,849,1,23,2021,13,Circuit Park Zandvoort,17,80626,3,0,Williams,7.0,20.0,75790,4836,0,23,72,49,9.0,3.549,853.0,5.403,430.60000000000224,0,0,Standard
905,4,1,26,2014,6,Circuit de Monaco,5,115025,6,5,Ferrari,49.0,66.0,79727,35298,0,26,78,52,817.0,4.849,13.0,13.638,5000.0,0,0,Standard
914,828,2,11,2014,15,Suzuka Circuit,19,125847,207,17,Caterham,0.0,0.0,114669,11178,2,9,44,33,18.0,2.043,820.0,0.667,-5000.0,1,0,Standard
987,8,2,2,2017,19,Autódromo José Carlos Pace,3,139111,6,3,Ferrari,178.0,455.0,72492,66619,1,1,71,69,822.0,2.125,830.0,0.805,0.0,1,1,Standard
1095,832,3,53,2022,21,Autódromo José Carlos Pace,2,95631,6,7,Ferrari,212.0,487.0,73953,21678,36,17,71,18,847.0,8.188,1.0,1.833,4069.9000000000156,0,0,Emergency
913,825,2,26,2014,14,Marina Bay Street Circuit,8,122108,1,9,McLaren,38.0,110.0,111639,10469,13,13,60,34,8.0,3.449,822.0,0.724,1466.7999999999918,1,0,Standard
978,8,1,24,2017,10,Silverstone Circuit,2,93511,6,2,Ferrari,83.0,254.0,91517,1994,0,24,51,27,1.0,11.037,822.0,8.534,-4.100000000003817,0,0,Standard
1085,839,1,18,2022,12,Circuit Paul Ricard,11,141240,214,10,Alpine F1 Team,52.0,81.0,98684,42556,0,18,53,35,832.0,1.448,840.0,1.815,5000.0,0,0,Standard
1136,817,1,11,2024,16,Autodromo Nazionale di Monza,14,91962,215,12,RB F1 Team,12.0,34.0,84219,7743,0,11,53,42,840.0,1.282,861.0,1.372,1261.600000000002,0,0,Standard
1069,832,2,29,2021,17,Circuit of the Americas,6,102079,6,5,Ferrari,116.5,232.5,100377,1702,11,18,56,27,817.0,1.823,846.0,4.226,-117.4999999999935,0,0,Standard
1073,815,3,53,2021,22,Yas Marina Circuit,3,107607,9,4,Red Bull,190.0,559.5,86419,21188,36,17,58,5,830.0,15.0,832.0,15.0,4230.10000000001,0,0,Emergency
955,828,1,16,2016,8,Baku City Circuit,17,118586,15,20,Sauber,0.0,0.0,108898,9688,0,16,51,35,154.0,0.294,825.0,5.132,1322.2999999999847,0,0,Undercut
1011,1,2,34,2019,2,Bahrain International Circuit,3,100157,131,3,Mercedes,18.0,44.0,93528,6629,13,21,57,23,20.0,8.011,822.0,7.929,578.4000000000095,0,0,Standard
1051,830,3,55,2021,20,Losail International Circuit,2,117248,9,7,Red Bull,332.5,510.5,83196,34052,41,14,57,2,1.0,15.0,4.0,15.0,5000.0,0,0,Standard
976,839,1,12,2017,8,Baku City Circuit,6,127333,10,7,Force India,27.0,71.0,105634,21699,0,12,51,39,13.0,2.36,840.0,0.194,3921.299999999999,0,0,Standard
1096,846,1,15,2022,22,Yas Marina Circuit,7,94516,1,7,McLaren,113.0,148.0,88391,6125,0,15,58,43,1.0,7.451,20.0,2.425,463.60000000000355,0,0,Standard
1087,832,1,11,2022,14,Circuit de Spa-Francorchamps,3,119054,6,1,Ferrari,156.0,334.0,111977,7077,0,11,44,33,830.0,2.3,847.0,1.194,1313.499999999996,0,0,Standard
988,822,1,21,2017,20,Yas Marina Circuit,1,104816,131,1,Mercedes,280.0,625.0,100650,4166,0,21,55,34,,15.0,1.0,0.232,462.2000000000018,0,0,Standard
1104,832,1,33,2023,6,Circuit de Monaco,6,93612,6,4,Ferrari,44.0,78.0,76449,17163,0,33,78,45,847.0,7.418,839.0,1.082,3284.2000000000035,0,1,Overcut
1059,830,1,18,2021,7,Circuit Paul Ricard,3,118099,9,1,Red Bull,105.0,174.0,96404,21695,0,18,53,35,815.0,11.424,822.0,4.718,3711.6999999999953,0,1,Standard
975,836,2,40,2017,7,Circuit Gilles Villeneuve,17,95407,15,20,Sauber,4.0,4.0,77091,18316,1,39,70,30,828.0,15.0,,15.0,3545.200000000022,0,0,Standard
1071,1,3,26,2021,19,Autódromo José Carlos Pace,3,78676,131,10,Mercedes,293.5,478.5,71982,6694,8,18,71,45,815.0,0.117,822.0,1.442,849.0999999999966,0,0,Undercut
902,4,1,12,2014,3,Bahrain International Circuit,9,105825,6,9,Ferrari,24.0,30.0,99732,6093,0,12,57,45,20.0,0.3,817.0,1.376,720.5999999999941,0,0,Undercut
916,4,1,16,2014,17,Circuit of the Americas,3,106222,6,6,Ferrari,141.0,188.0,101474,4748,0,16,56,40,3.0,2.659,8.0,2.925,255.09999999998988,1,0,Standard
1074,817,2,33,2022,1,Bahrain International Circuit,17,103359,1,18,McLaren,0.0,0.0,97261,6098,17,16,57,24,848.0,8.683,807.0,4.438,550.2999999999994,0,0,Standard
1034,848,1,6,2020,4,Silverstone Circuit,13,95837,9,12,Red Bull,22.0,55.0,88689,7148,0,6,52,46,841.0,0.217,826.0,0.478,-5000.0,0,0,Undercut
1057,854,4,47,2021,6,Baku City Circuit,16,151357,210,17,Haas F1 Team,0.0,0.0,107624,43733,44,3,51,4,849.0,15.0,853.0,15.0,5000.0,0,1,Standard
1093,846,1,14,2022,19,Circuit of the Americas,7,103971,1,6,McLaren,101.0,130.0,101322,2649,0,14,56,42,1.0,7.088,4.0,4.439,-50.39999999999151,1,0,Standard
1067,830,1,36,2021,16,Istanbul Park,2,94948,9,2,Red Bull,244.5,364.5,92759,2189,0,36,58,22,822.0,6.783,844.0,1.554,241.9999999999985,0,0,Standard
949,815,1,2,2016,2,Bahrain International Circuit,18,106146,10,18,Force India,0.0,6.0,96067,10079,0,2,57,55,837.0,0.355,807.0,15.0,-1858.9999999999845,0,1,Undercut
906,8,2,39,2014,7,Circuit Gilles Villeneuve,12,97430,6,10,Ferrari,17.0,78.0,78529,18901,17,22,70,31,818.0,3.94,18.0,1.939,3487.0000000000005,0,1,Standard
945,3,1,10,2015,19,Yas Marina Circuit,1,109514,131,1,Mercedes,297.0,660.0,105356,4158,0,10,55,45,,15.0,1.0,3.612,475.199999999993,0,0,Standard
1126,815,2,28,2024,6,Miami International Autodrome,6,107036,9,4,Red Bull,85.0,195.0,90855,16181,17,11,57,29,832.0,9.747,852.0,3.766,2869.7999999999984,1,0,Standard
918,829,1,14,2014,19,Yas Marina Circuit,20,114642,207,17,Caterham,0.0,0.0,108398,6244,0,14,55,41,154.0,6.979,,15.0,418.0000000000143,0,0,Standard
955,831,2,24,2016,8,Baku City Circuit,16,116895,15,15,Sauber,0.0,0.0,107708,9187,7,17,51,27,825.0,0.398,830.0,6.666,1360.799999999995,0,0,Undercut
1072,842,1,13,2021,21,Jeddah Corniche Circuit,7,179573,213,6,AlphaTauri,92.0,112.0,92297,87276,0,13,50,37,844.0,2.431,815.0,2.089,5000.0,0,0,Emergency
1099,844,1,16,2023,2,Jeddah Corniche Circuit,5,97681,6,12,Ferrari,0.0,12.0,93056,4625,0,16,50,34,830.0,2.203,1.0,3.422,433.0999999999875,0,0,Standard
982,832,1,1,2017,14,Marina Bay Street Circuit,9,192844,5,10,Toro Rosso,36.0,40.0,106537,86307,0,1,58,57,839.0,2.975,825.0,1.547,0.0,0,0,Emergency
1024,817,1,34,2019,15,Marina Bay Street Circuit,16,149217,4,20,Renault,34.0,65.0,105915,43302,0,34,61,27,842.0,15.0,847.0,3.491,5000.0,1,0,Standard
992,830,1,38,2018,4,Baku City Circuit,4,109815,9,5,Red Bull,18.0,55.0,105771,4044,0,38,51,13,1.0,10.066,817.0,15.0,570.0000000000007,0,1,Standard
1039,847,2,8,2020,9,Autodromo Internazionale del Mugello,10,1586384,3,18,Williams,0.0,0.0,81645,100000,7,1,59,51,826.0,5.118,8.0,4.861,0.0,1,1,Emergency
1020,807,2,15,2019,11,Hockenheimring,5,111110,4,9,Renault,17.0,39.0,89576,21534,3,12,64,49,844.0,12.556,8.0,10.896,4220.7000000000035,0,0,Standard
1113,855,2,20,2023,15,Marina Bay Street Circuit,17,136694,51,0,Alfa Romeo,4.0,10.0,99316,37378,2,18,62,42,822.0,15.0,858.0,15.0,5000.0,0,1,Standard
1077,20,1,17,2022,4,Autodromo Enzo e Dino Ferrari,9,99443,117,13,Aston Martin,0.0,0.0,81211,18232,0,17,63,46,852.0,0.128,840.0,0.751,1066.4000000000085,0,0,Undercut
950,4,2,32,2016,3,Shanghai International Circuit,11,108515,1,11,McLaren,0.0,1.0,102226,6289,16,16,56,24,815.0,0.124,821.0,1.549,719.5000000000015,0,0,Undercut
1084,855,2,46,2022,11,Red Bull Ring,12,75507,51,13,Alfa Romeo,5.0,51.0,69380,6127,24,22,71,25,846.0,2.078,817.0,0.399,677.9000000000005,0,1,Standard
1057,822,3,48,2021,6,Baku City Circuit,14,186921,131,10,Mercedes,47.0,148.0,105665,81256,47,1,51,3,849.0,3.043,847.0,5.331,0.0,0,1,Emergency
1065,849,1,23,2021,14,Autodromo Nazionale di Monza,12,92043,3,13,Williams,7.0,20.0,85953,6090,0,23,53,30,839.0,2.603,847.0,0.066,884.7999999999972,0,0,Standard
1013,8,1,6,2019,4,Baku City Circuit,19,121670,51,0,Alfa Romeo,12.0,12.0,106479,15191,0,6,51,45,9.0,4.036,826.0,11.242,2503.9999999999977,0,1,Standard
978,4,1,20,2017,10,Silverstone Circuit,14,95878,1,20,McLaren,2.0,2.0,94263,1615,0,20,51,31,840.0,2.107,825.0,0.909,104.10000000000383,0,0,Standard
998,807,1,20,2018,10,Silverstone Circuit,7,94272,4,11,Renault,34.0,62.0,93405,867,0,20,52,32,8.0,7.594,825.0,9.271,-275.5999999999929,0,0,Standard
1141,1,1,27,2024,21,Autódromo José Carlos Pace,12,100067,131,14,Mercedes,189.0,366.0,82041,18026,0,27,69,42,860.0,2.397,832.0,6.31,3203.3999999999937,0,0,Standard
1016,8,2,58,2019,7,Circuit Gilles Villeneuve,15,95566,51,16,Alfa Romeo,13.0,13.0,75442,20124,6,52,70,12,154.0,2.188,848.0,15.0,3688.9999999999413,0,0,Standard
1069,832,1,11,2021,17,Circuit of the Americas,6,102767,6,5,Ferrari,116.5,232.5,100377,2390,0,11,56,45,817.0,3.266,822.0,10.73,-328.99999999999994,0,0,Standard
1128,832,1,1,2024,8,Circuit de Monaco,3,2462721,6,3,Ferrari,93.0,212.0,74726,100000,0,1,78,77,857.0,3.977,846.0,5.321,0.0,0,0,Emergency
930,18,3,44,2015,5,Circuit de Barcelona-Catalunya,16,96283,1,14,McLaren,0.0,0.0,91162,5121,27,17,66,22,815.0,8.244,813.0,4.218,544.6000000000006,0,1,Standard
1110,844,2,28,2023,12,Circuit de Spa-Francorchamps,3,115953,6,1,Ferrari,80.0,167.0,110436,5517,13,15,44,16,815.0,10.573,4.0,15.0,843.4000000000013,0,0,Standard
1080,20,2,23,2022,7,Circuit de Monaco,12,105460,117,9,Aston Martin,4.0,6.0,77558,27902,6,17,64,41,822.0,1.906,842.0,8.623,3485.399999999994,0,1,Standard
939,154,1,9,2015,13,Marina Bay Street Circuit,17,121706,208,10,Lotus F1,38.0,50.0,112353,9353,0,9,61,52,813.0,1.888,834.0,15.0,1617.4999999999932,0,0,Standard
1078,840,1,40,2022,5,Miami International Autodrome,11,109446,117,0,Aston Martin,1.0,5.0,93312,16134,0,40,57,17,854.0,0.505,825.0,0.981,2998.9000000000183,0,0,Undercut
1071,854,3,11,2021,19,Autódromo José Carlos Pace,20,109493,210,18,Haas F1 Team,0.0,0.0,73793,35700,8,3,71,60,847.0,15.0,,15.0,-5000.0,0,0,Standard
927,830,2,20,2015,2,Sepang International Circuit,7,112373,5,6,Toro Rosso,0.0,2.0,104579,7794,4,16,56,36,826.0,1.105,8.0,1.859,597.9000000000032,0,0,Standard
937,3,2,31,2015,11,Circuit de Spa-Francorchamps,1,120170,131,2,Mercedes,181.0,383.0,112416,7754,12,19,43,12,,15.0,1.0,6.084,1154.5000000000045,0,1,Standard
1057,846,3,48,2021,6,Baku City Circuit,7,184653,1,9,McLaren,56.0,80.0,105326,79327,47,1,51,3,852.0,2.232,832.0,1.136,0.0,1,1,Emergency
1118,4,2,2,2023,20,Autódromo José Carlos Pace,4,141143,117,4,Aston Martin,183.0,236.0,74442,66701,1,1,71,69,1.0,1.684,840.0,2.446,0.0,1,1,Standard
986,815,2,50,2017,18,Autódromo Hermanos Rodríguez,7,86262,10,9,Force India,86.0,159.0,79929,6333,18,32,71,21,20.0,4.968,825.0,15.0,1017.1999999999987,0,0,Standard
961,3,1,24,2016,14,Autodromo Nazionale di Monza,1,92860,131,2,Mercedes,223.0,455.0,86599,6261,0,24,53,29,,15.0,1.0,7.402,926.3000000000003,0,0,Standard
1100,1,3,57,2023,3,Albert Park Grand Prix Circuit,2,144440,131,3,Mercedes,20.0,38.0,80613,63827,55,2,58,1,830.0,3.083,4.0,15.0,-5000.0,1,1,Standard
1046,846,2,54,2020,16,Bahrain International Circuit,9,66254,1,19,McLaren,86.0,171.0,57270,8984,20,34,87,33,848.0,8.662,826.0,4.167,1516.9999999999902,0,1,Standard
1096,832,1,17,2022,22,Yas Marina Circuit,3,94037,6,4,Ferrari,234.0,524.0,88879,5158,0,17,58,41,844.0,6.553,1.0,5.18,544.7000000000007,0,0,Standard
1070,822,1,1,2021,18,Autódromo Hermanos Rodríguez,18,134035,131,1,Mercedes,185.0,460.5,77774,56261,0,1,71,70,840.0,3.598,,15.0,0.0,0,0,Emergency
1115,846,2,27,2023,17,Losail International Circuit,2,91183,1,10,McLaren,115.0,172.0,84842,6341,13,14,57,30,830.0,15.0,847.0,3.542,627.0999999999952,0,0,Standard
1120,1,2,35,2023,22,Yas Marina Circuit,6,91324,131,11,Mercedes,232.0,392.0,88372,2952,15,20,58,23,4.0,3.381,852.0,0.715,294.89999999999685,0,0,Standard
969,1,1,17,2017,1,Albert Park Grand Prix Circuit,4,106345,131,1,Mercedes,0.0,0.0,87033,19312,0,17,57,40,8.0,0.847,830.0,1.684,3585.6999999999994,0,0,Undercut
1036,8,1,20,2020,6,Circuit de Barcelona-Catalunya,16,92154,51,14,Alfa Romeo,0.0,2.0,81888,10266,0,20,66,46,848.0,5.115,154.0,0.228,1323.1000000000056,0,0,Standard
1131,4,3,68,2024,11,Red Bull Ring,17,75636,117,15,Aston Martin,41.0,58.0,67694,7942,35,33,71,3,822.0,12.426,855.0,13.731,-1225.8999999999858,0,0,Standard
1136,861,1,16,2024,16,Autodromo Nazionale di Monza,12,91193,3,18,Williams,0.0,4.0,83728,7465,0,16,53,37,822.0,3.706,847.0,3.257,964.7999999999918,0,0,Standard
927,830,3,40,2015,2,Sepang International Circuit,7,114152,5,6,Toro Rosso,0.0,2.0,104579,9573,20,20,56,16,13.0,3.111,832.0,12.91,1384.5000000000014,1,0,Standard
1089,839,1,19,2022,16,Autodromo Nazionale di Monza,10,91754,214,14,Alpine F1 Team,66.0,125.0,86593,5161,0,19,53,34,856.0,6.372,854.0,0.607,753.3000000000064,0,0,Standard
1087,830,1,15,2022,14,Circuit de Spa-Francorchamps,1,117820,9,14,Red Bull,258.0,431.0,109354,8466,0,15,44,29,,15.0,832.0,8.804,711.2000000000062,0,0,Standard
958,830,2,38,2016,11,Hungaroring,4,88689,9,4,Red Bull,90.0,198.0,84687,4002,16,22,70,32,20.0,13.252,817.0,0.576,717.2000000000032,0,0,Standard
1071,822,2,8,2021,19,Autódromo José Carlos Pace,4,132300,131,1,Mercedes,185.0,478.5,72526,59774,7,1,71,63,1.0,1.849,844.0,1.899,0.0,1,1,Standard
989,817,1,26,2018,1,Albert Park Grand Prix Circuit,4,137173,9,8,Red Bull,0.0,0.0,85945,51228,0,26,58,32,8.0,15.0,4.0,11.53,5000.0,0,0,Emergency
1020,848,1,2,2019,11,Hockenheimring,15,108695,5,16,Toro Rosso,7.0,19.0,77850,30845,0,2,64,62,840.0,0.936,826.0,0.306,-5000.0,0,0,Undercut
981,835,1,25,2017,13,Autodromo Nazionale di Monza,11,92063,4,17,Renault,0.0,34.0,85752,6311,0,25,53,28,838.0,8.317,4.0,2.137,973.4000000000003,0,0,Standard
961,4,1,13,2016,14,Autodromo Nazionale di Monza,11,93722,1,12,McLaren,30.0,48.0,85340,8382,0,13,53,40,830.0,2.573,154.0,1.189,1011.1000000000051,0,0,Standard
965,825,3,43,2016,18,Circuit of the Americas,13,105598,4,18,Renault,7.0,8.0,102475,3123,27,16,56,13,826.0,1.894,835.0,7.651,-88.80000000000139,0,0,Standard
1101,822,1,6,2023,4,Baku City Circuit,19,113204,51,13,Alfa Romeo,4.0,6.0,106304,6900,0,6,51,45,807.0,2.735,842.0,12.963,585.9999999999928,0,1,Standard
1139,848,2,33,2024,19,Circuit of the Americas,14,101702,3,14,Williams,12.0,16.0,99084,2618,3,30,56,23,852.0,5.371,822.0,0.104,47.599999999993585,0,0,Overcut
931,807,1,1,2015,6,Circuit de Monaco,19,146277,10,11,Force India,6.0,11.0,79921,66356,0,1,78,77,833.0,15.0,13.0,15.0,0.0,0,0,Standard
948,835,2,18,2016,1,Albert Park Grand Prix Circuit,12,1223356,4,13,Renault,0.0,0.0,92955,100000,12,6,57,39,822.0,2.222,815.0,1.16,5000.0,1,1,Emergency
944,830,2,34,2015,18,Autódromo José Carlos Pace,10,83399,5,9,Toro Rosso,47.0,65.0,75972,7427,11,23,71,37,154.0,3.896,831.0,5.804,1064.400000000009,0,0,Standard
1004,828,1,11,2018,16,Sochi Autodrom,10,106709,15,10,Sauber,6.0,21.0,97931,8778,0,11,53,42,832.0,2.106,844.0,2.833,669.799999999997,0,1,Standard
1004,840,1,7,2018,16,Sochi Autodrom,17,112775,3,14,Williams,6.0,7.0,99435,13340,0,7,53,46,845.0,3.48,4.0,12.032,1761.699999999991,0,1,Standard
1109,840,1,9,2023,11,Hungaroring,11,88932,117,14,Aston Martin,44.0,181.0,83425,5507,0,9,70,61,847.0,0.134,852.0,0.69,656.9999999999907,0,0,Undercut
979,828,1,1,2017,11,Hungaroring,17,116492,15,20,Sauber,0.0,5.0,81752,34740,0,1,70,69,154.0,0.233,836.0,0.615,0.0,0,0,Emergency
954,817,2,38,2016,7,Circuit Gilles Villeneuve,7,95370,9,4,Red Bull,66.0,112.0,76506,18864,21,17,70,32,8.0,2.449,807.0,2.992,3566.0999999999804,0,0,Standard
1126,825,1,22,2024,6,Miami International Autodrome,14,104467,210,18,Haas F1 Team,1.0,5.0,91774,12693,0,22,57,35,817.0,2.257,807.0,0.319,2085.3000000000015,0,0,Standard
1036,826,1,21,2020,6,Circuit de Barcelona-Catalunya,12,90029,213,12,AlphaTauri,2.0,14.0,82336,7693,0,21,66,45,817.0,2.643,825.0,2.413,896.7999999999956,0,0,Standard
1020,154,4,41,2019,11,Hockenheimring,11,117482,210,6,Haas F1 Team,2.0,16.0,78811,38671,28,13,64,23,826.0,4.847,825.0,3.802,5000.0,0,0,Standard
982,839,4,11,2017,14,Marina Bay Street Circuit,9,149829,10,14,Force India,55.0,113.0,107677,42152,3,8,58,47,832.0,11.643,840.0,7.292,3962.800000000004,0,0,Standard
939,834,1,13,2015,13,Marina Bay Street Circuit,18,156690,209,20,Manor Marussia,0.0,0.0,115312,41378,0,13,61,48,829.0,3.461,830.0,15.0,5000.0,0,1,Emergency
940,3,2,29,2015,14,Suzuka Circuit,3,101343,131,1,Mercedes,211.0,463.0,97147,4196,15,14,53,24,20.0,4.236,822.0,11.224,439.00000000000375,0,0,Standard
980,839,2,27,2017,12,Circuit de Spa-Francorchamps,7,115696,10,9,Force India,45.0,101.0,109721,5975,10,17,44,17,807.0,12.594,154.0,2.984,933.1999999999982,0,0,Standard
1009,154,1,7,2018,21,Yas Marina Circuit,7,133568,210,7,Haas F1 Team,35.0,90.0,103195,30373,0,7,55,48,830.0,0.672,839.0,2.64,-5000.0,0,0,Emergency
1095,842,1,19,2022,21,Autódromo José Carlos Pace,8,81692,213,10,AlphaTauri,23.0,35.0,75327,6365,0,19,71,52,839.0,1.891,854.0,0.367,747.5999999999983,0,0,Standard
1046,826,2,53,2020,16,Bahrain International Circuit,5,60987,213,6,AlphaTauri,26.0,97.0,57001,3986,27,26,87,34,817.0,1.677,839.0,1.827,565.0000000000044,0,0,Standard
901,826,1,10,2014,2,Sepang International Circuit,11,113647,5,11,Toro Rosso,2.0,6.0,106695,6952,0,10,56,46,154.0,1.011,16.0,0.76,788.3999999999925,0,0,Standard
1021,1,2,48,2019,12,Hungaroring,2,82452,131,3,Mercedes,225.0,409.0,78528,3924,31,17,70,22,830.0,3.138,844.0,15.0,437.99999999999875,0,0,Standard
1052,844,2,32,2021,1,Bahrain International Circuit,5,99973,6,4,Ferrari,0.0,0.0,94988,4985,12,20,56,24,822.0,2.345,815.0,0.861,684.7999999999967,1,0,Standard
1044,830,1,11,2020,14,Istanbul Park,1,109567,9,2,Red Bull,162.0,226.0,98431,11136,0,11,58,47,,15.0,848.0,4.97,-1074.4999999999982,0,0,Standard
929,813,2,24,2015,4,Bahrain International Circuit,13,105057,208,16,Lotus F1,0.0,6.0,97665,7392,10,14,57,33,13.0,0.687,826.0,2.608,918.1999999999991,0,0,Undercut
987,842,3,3,2017,19,Autódromo José Carlos Pace,10,131147,5,19,Toro Rosso,0.0,53.0,73323,57824,2,1,71,68,832.0,0.955,828.0,1.964,0.0,1,1,Undercut
902,20,2,34,2014,3,Bahrain International Circuit,6,105842,9,10,Red Bull,15.0,15.0,99312,6530,16,18,57,23,18.0,11.195,822.0,0.391,885.20000000001,0,0,Standard
1017,20,1,25,2019,8,Circuit Paul Ricard,5,116447,6,7,Ferrari,100.0,172.0,92740,23707,0,25,53,28,830.0,0.762,8.0,14.594,4157.6000000000095,0,0,Undercut
1092,20,2,5,2022,18,Suzuka Circuit,18,169390,117,9,Aston Martin,24.0,37.0,106964,62426,2,3,28,23,849.0,0.39,,15.0,-5000.0,0,0,Emergency
1081,1,1,9,2022,8,Baku City Circuit,6,129357,131,7,Mercedes,50.0,134.0,107044,22313,0,9,51,42,842.0,4.852,20.0,0.554,3950.199999999991,0,0,Standard
951,832,1,11,2016,4,Sochi Autodrom,14,109941,5,11,Toro Rosso,4.0,17.0,102205,7736,0,11,53,42,836.0,0.352,831.0,0.416,690.4999999999982,0,0,Undercut
981,836,1,20,2017,13,Autodromo Nazionale di Monza,18,94335,15,12,Sauber,5.0,5.0,86547,7788,0,20,53,33,830.0,2.498,154.0,9.272,914.0000000000016,0,0,Standard
913,154,3,30,2014,14,Marina Bay Street Circuit,13,126344,208,16,Lotus F1,8.0,8.0,113543,12801,22,8,60,30,826.0,3.556,813.0,15.0,2790.500000000002,0,0,Standard
973,4,1,12,2017,5,Circuit de Barcelona-Catalunya,11,92020,1,7,McLaren,0.0,0.0,83894,8126,0,12,66,54,154.0,3.96,836.0,0.01,691.7999999999996,0,0,Standard
967,821,1,12,2016,20,Autódromo José Carlos Pace,12,96354,210,12,Haas F1 Team,0.0,29.0,87805,8549,0,12,71,59,836.0,1.751,4.0,0.707,-1898.3000000000056,0,0,Standard
938,826,1,27,2015,12,Autodromo Nazionale di Monza,11,94698,9,18,Red Bull,57.0,108.0,88231,6467,0,27,53,26,828.0,1.918,832.0,10.281,855.3999999999959,0,0,Standard
1010,817,1,1,2019,1,Albert Park Grand Prix Circuit,20,148213,4,12,Renault,0.0,0.0,89848,58365,0,1,58,57,9.0,2.085,,15.0,0.0,0,0,Standard
992,1,1,22,2018,4,Baku City Circuit,3,115171,131,2,Mercedes,45.0,85.0,105412,9759,0,22,51,29,822.0,0.216,830.0,15.0,1713.2000000000091,0,0,Undercut
1083,849,1,1,2022,10,Silverstone Circuit,8,159570,3,10,Williams,0.0,3.0,93286,66284,0,1,52,51,846.0,3.283,822.0,2.827,0.0,0,0,Standard
967,807,1,20,2016,20,Autódromo José Carlos Pace,4,120712,10,8,Force India,60.0,145.0,86728,33984,0,20,71,51,830.0,2.34,815.0,1.777,-1540.0000000000052,0,0,Standard
987,13,2,2,2017,19,Autódromo José Carlos Pace,6,138600,3,9,Williams,36.0,76.0,73452,65148,1,1,71,69,4.0,0.991,815.0,1.086,0.0,1,1,Undercut
969,826,1,34,2017,1,Albert Park Grand Prix Circuit,8,111432,5,9,Toro Rosso,0.0,0.0,86711,24721,0,34,57,23,815.0,1.734,832.0,0.531,4152.300000000017,0,0,Overcut
977,815,1,35,2017,9,Red Bull Ring,8,73938,10,7,Force India,44.0,79.0,68470,5468,0,35,71,36,839.0,2.462,13.0,4.344,758.6999999999939,0,0,Standard
1092,4,1,2,2022,18,Suzuka Circuit,6,180255,214,7,Alpine F1 Team,59.0,125.0,104412,75843,0,2,28,26,1.0,2.784,847.0,2.758,5000.0,0,0,Standard
986,822,1,32,2017,18,Autódromo Hermanos Rodríguez,2,94198,131,4,Mercedes,244.0,575.0,79374,14824,0,32,71,39,830.0,13.118,8.0,15.0,2550.899999999994,0,0,Emergency
909,826,2,32,2014,10,Hockenheimring,15,88976,5,8,Toro Rosso,6.0,15.0,82179,6797,9,23,67,35,825.0,5.329,824.0,9.05,981.5999999999963,0,0,Standard
1035,807,1,15,2020,5,Silverstone Circuit,2,91718,211,3,Racing Point,0.0,42.0,90087,1631,0,15,52,37,830.0,8.046,840.0,2.898,-217.29999999999606,0,0,Standard
973,825,3,63,2017,5,Circuit de Barcelona-Catalunya,11,101638,210,11,Haas F1 Team,4.0,8.0,86371,15267,33,30,66,3,154.0,9.69,828.0,1.943,3100.3000000000334,0,0,Standard
1093,839,1,18,2022,19,Circuit of the Americas,9,126655,214,0,Alpine F1 Team,78.0,143.0,101243,25412,0,18,56,38,840.0,5.098,854.0,0.62,4444.099999999999,0,0,Standard
973,832,2,34,2017,5,Circuit de Barcelona-Catalunya,7,119727,5,12,Toro Rosso,11.0,13.0,86186,33541,13,21,66,32,839.0,15.0,154.0,1.869,5000.0,0,0,Standard
964,817,1,10,2016,17,Suzuka Circuit,7,102069,9,4,Red Bull,204.0,359.0,95511,6558,0,10,53,43,1.0,0.784,807.0,3.428,565.4999999999985,0,0,Undercut
1095,848,2,25,2022,21,Autódromo José Carlos Pace,11,83055,3,19,Williams,4.0,8.0,75613,7442,4,21,71,46,822.0,1.539,839.0,1.208,851.4000000000021,1,1,Standard
952,815,1,9,2016,5,Circuit de Barcelona-Catalunya,10,95812,10,9,Force India,2.0,8.0,89801,6011,0,9,66,57,154.0,0.534,807.0,0.18,739.4999999999931,0,0,Undercut
1026,847,1,25,2019,17,Suzuka Circuit,18,100548,3,18,Williams,0.0,1.0,95458,5090,0,25,52,27,825.0,6.194,9.0,15.0,786.8000000000036,0,0,Standard
958,830,1,16,2016,11,Hungaroring,3,89800,9,4,Red Bull,90.0,198.0,84687,5113,0,16,70,54,1.0,12.097,832.0,13.009,689.8999999999884,0,0,Standard
1043,817,1,14,2020,13,Autodromo Enzo e Dino Ferrari,4,85706,4,5,Renault,80.0,120.0,77552,8154,0,14,63,49,1.0,15.0,832.0,0.671,965.500000000002,0,0,Standard
1074,4,2,25,2022,1,Bahrain International Circuit,10,102836,214,8,Alpine F1 Team,0.0,0.0,96733,6103,11,14,57,32,839.0,1.666,852.0,1.31,549.0000000000015,0,0,Standard
914,13,3,37,2014,15,Suzuka Circuit,7,119884,3,4,Williams,65.0,187.0,113450,6434,12,25,44,7,822.0,7.113,807.0,7.698,973.6000000000099,0,0,Standard
1132,858,1,27,2024,12,Silverstone Circuit,11,112246,3,12,Williams,0.0,2.0,89972,22274,0,27,52,25,825.0,2.17,807.0,0.298,4610.899999999988,0,1,Overcut
960,822,1,7,2016,13,Circuit de Spa-Francorchamps,4,155454,3,8,Williams,58.0,96.0,114120,41334,0,7,44,37,807.0,2.224,4.0,1.234,5000.0,1,0,Emergency
1110,4,1,10,2023,12,Circuit de Spa-Francorchamps,5,118157,117,9,Aston Martin,139.0,184.0,110938,7219,0,10,44,34,1.0,13.206,840.0,5.065,902.8999999999963,0,0,Standard
1014,848,1,25,2019,5,Circuit de Barcelona-Catalunya,8,87702,5,11,Toro Rosso,3.0,4.0,81028,6674,0,25,66,41,842.0,2.665,807.0,7.622,495.89999999999645,0,0,Standard
937,4,1,8,2015,11,Circuit de Spa-Francorchamps,14,124154,1,20,McLaren,11.0,17.0,113692,10462,0,8,43,35,831.0,3.429,18.0,3.795,879.5999999999952,0,0,Standard
1000,825,1,31,2018,12,Hungaroring,7,86692,210,9,Haas F1 Team,39.0,59.0,81302,5390,0,31,70,39,842.0,12.258,4.0,10.361,656.5000000000068,0,0,Standard
1034,830,2,50,2020,4,Silverstone Circuit,2,91697,9,3,Red Bull,33.0,55.0,87097,4600,13,37,52,2,1.0,14.716,844.0,15.0,324.900000000001,0,0,Standard
1111,848,1,44,2023,13,Circuit Park Zandvoort,5,79870,3,4,Williams,11.0,11.0,74468,5402,0,44,72,28,842.0,14.627,852.0,5.098,720.6000000000059,0,0,Standard
983,828,1,38,2017,15,Sepang International Circuit,18,105520,15,19,Sauber,0.0,5.0,96630,8890,0,38,56,18,836.0,5.81,,15.0,989.0999999999995,1,0,Standard
1002,817,1,1,2018,14,Autodromo Nazionale di Monza,17,128859,9,19,Red Bull,118.0,238.0,85229,43630,0,1,53,52,807.0,0.715,20.0,1.709,0.0,0,0,Emergency
939,13,3,29,2015,13,Marina Bay Street Circuit,15,128568,3,9,Williams,97.0,188.0,113666,14902,14,15,61,32,813.0,1.166,828.0,9.475,3662.199999999998,1,1,Standard
1115,822,3,39,2023,17,Losail International Circuit,9,92330,51,9,Alfa Romeo,6.0,10.0,86652,5678,21,18,57,18,842.0,3.376,815.0,0.108,909.9000000000044,0,0,Standard
992,838,3,39,2018,4,Baku City Circuit,16,139187,1,16,McLaren,6.0,28.0,107666,31521,25,14,51,12,843.0,15.0,828.0,15.0,5000.0,0,0,Standard
1138,807,1,29,2024,18,Marina Bay Street Circuit,6,108550,210,6,Haas F1 Team,22.0,29.0,97470,11080,0,29,62,33,847.0,4.074,1.0,0.951,1941.800000000008,1,0,Overcut
970,830,2,5,2017,2,Shanghai International Circuit,4,175563,9,16,Red Bull,10.0,10.0,96722,78841,4,1,56,51,8.0,0.492,822.0,1.204,0.0,1,1,Emergency
967,826,4,28,2016,20,Autódromo José Carlos Pace,18,145530,5,14,Toro Rosso,25.0,55.0,87476,58054,20,8,71,43,821.0,2.617,,15.0,5000.0,0,0,Standard
954,20,2,37,2016,7,Circuit Gilles Villeneuve,2,92932,6,3,Ferrari,60.0,121.0,76297,16635,11,26,70,33,1.0,6.115,830.0,9.62,3056.200000000003,0,0,Standard
945,1,1,11,2015,19,Yas Marina Circuit,1,110818,131,2,Mercedes,363.0,660.0,104517,6301,0,11,55,44,,15.0,3.0,12.473,663.0000000000038,0,1,Standard
1020,825,3,29,2019,11,Hockenheimring,11,122263,210,12,Haas F1 Team,14.0,16.0,79062,43201,21,8,64,35,841.0,9.639,826.0,6.052,5000.0,1,1,Standard
1057,854,2,34,2021,6,Baku City Circuit,17,158945,210,17,Haas F1 Team,0.0,0.0,107624,51321,8,26,51,17,847.0,1.487,853.0,15.0,5000.0,0,0,Emergency
1008,825,1,41,2018,20,Autódromo José Carlos Pace,7,78391,210,10,Haas F1 Team,53.0,84.0,72206,6185,0,41,71,30,817.0,15.0,844.0,2.267,729.2999999999986,1,0,Standard
1083,840,3,40,2022,10,Silverstone Circuit,9,125554,117,20,Aston Martin,3.0,16.0,92379,33175,15,25,52,12,825.0,5.686,830.0,0.397,5000.0,0,1,Overcut
1075,817,1,8,2022,2,Jeddah Corniche Circuit,15,100276,1,14,McLaren,0.0,0.0,94487,5789,0,8,50,42,855.0,1.307,807.0,1.654,421.09999999999457,0,0,Standard
968,835,1,7,2016,21,Yas Marina Circuit,13,113002,4,15,Renault,1.0,8.0,105715,7287,0,7,55,48,826.0,0.444,821.0,0.23,1043.7999999999865,0,0,Undercut
1088,1,2,48,2022,15,Circuit Park Zandvoort,2,103647,131,4,Mercedes,146.0,316.0,73854,29793,29,19,72,24,830.0,15.0,847.0,6.267,5000.0,0,0,Emergency
944,828,1,12,2015,18,Autódromo José Carlos Pace,12,84416,15,12,Sauber,9.0,36.0,75789,8627,0,12,71,59,826.0,0.548,13.0,1.432,1166.8999999999987,1,1,Undercut
1088,855,4,56,2022,15,Circuit Park Zandvoort,16,126368,51,14,Alfa Romeo,5.0,51.0,75940,50428,55,1,72,16,825.0,6.563,817.0,15.0,0.0,0,1,Standard
939,832,2,28,2015,13,Marina Bay Street Circuit,14,122284,5,14,Toro Rosso,9.0,35.0,110401,11883,10,18,61,33,828.0,1.172,830.0,2.981,1694.700000000006,0,0,Standard
1007,843,1,1,2018,19,Autódromo Hermanos Rodríguez,20,99180,5,14,Toro Rosso,4.0,32.0,82438,16742,0,1,71,70,838.0,1.756,,15.0,0.0,0,0,Standard
1055,815,2,57,2021,4,Circuit de Barcelona-Catalunya,5,87212,9,8,Red Bull,22.0,83.0,79483,7729,27,30,66,9,844.0,15.0,817.0,15.0,878.1999999999987,0,0,Standard
1110,1,1,12,2023,12,Circuit de Spa-Francorchamps,4,118156,131,3,Mercedes,133.0,223.0,107305,10851,0,12,44,32,844.0,8.734,840.0,13.99,1036.0999999999901,0,0,Standard
1014,154,2,46,2019,5,Circuit de Barcelona-Catalunya,7,124674,210,7,Haas F1 Team,0.0,8.0,81057,43617,26,20,66,20,842.0,13.4,825.0,15.0,5000.0,0,1,Standard
1040,848,2,27,2020,10,Sochi Autodrom,13,106714,9,15,Red Bull,63.0,173.0,98377,8337,1,26,53,26,846.0,1.231,825.0,1.966,1112.4999999999977,0,0,Standard
966,826,2,47,2016,19,Autódromo Hermanos Rodríguez,16,90580,5,18,Toro Rosso,25.0,55.0,83618,6962,13,34,71,24,18.0,6.902,825.0,10.225,1086.8000000000009,0,0,Standard
1143,847,4,37,2024,23,Losail International Circuit,7,134784,131,1,Mercedes,217.0,425.0,83355,51429,36,1,57,20,842.0,2.618,832.0,1.153,0.0,1,1,Standard
1087,815,1,14,2022,14,Circuit de Spa-Francorchamps,2,119070,9,2,Red Bull,173.0,431.0,110764,8306,0,14,44,30,830.0,8.301,832.0,5.598,943.2000000000004,0,0,Standard
939,830,1,12,2015,13,Marina Bay Street Circuit,20,143070,5,8,Toro Rosso,26.0,35.0,110298,32772,0,12,61,49,829.0,15.0,,15.0,5000.0,0,0,Standard
928,833,1,17,2015,3,Shanghai International Circuit,17,114809,209,20,Manor Marussia,0.0,0.0,105963,8846,0,17,56,39,4.0,15.0,829.0,13.333,1071.8000000000084,0,1,Standard
1000,4,1,39,2018,12,Hungaroring,7,85687,1,11,McLaren,40.0,48.0,82090,3597,0,39,70,31,842.0,7.052,838.0,1.338,427.5999999999967,0,0,Overcut
905,818,2,37,2014,6,Circuit de Monaco,12,93149,5,7,Toro Rosso,4.0,8.0,81083,12066,26,11,78,41,8.0,0.654,824.0,2.723,2293.800000000004,0,0,Undercut
1074,848,1,13,2022,1,Bahrain International Circuit,14,104752,3,14,Williams,0.0,0.0,97355,7397,0,13,57,44,840.0,1.301,807.0,1.406,421.1000000000074,0,0,Standard
990,830,1,2,2018,2,Bahrain International Circuit,19,177106,9,15,Red Bull,8.0,20.0,103654,73452,0,2,57,55,815.0,15.0,,15.0,5000.0,0,0,Standard
903,826,1,14,2014,4,Shanghai International Circuit,8,111347,5,13,Toro Rosso,3.0,7.0,103337,8010,0,14,56,42,807.0,0.104,822.0,2.102,1063.000000000005,0,1,Undercut
1110,817,2,22,2023,12,Circuit de Spa-Francorchamps,17,125575,213,19,AlphaTauri,0.0,2.0,110994,14581,5,17,44,22,858.0,2.423,840.0,3.94,2385.100000000006,0,1,Standard
904,4,3,53,2014,5,Circuit de Barcelona-Catalunya,4,94654,6,7,Ferrari,41.0,52.0,89898,4756,35,18,66,13,817.0,13.04,822.0,5.536,723.700000000002,0,0,Standard
962,13,4,43,2016,15,Marina Bay Street Circuit,10,119797,3,11,Williams,41.0,111.0,111455,8342,28,15,61,18,826.0,6.384,825.0,6.71,1506.4000000000153,0,0,Standard
943,828,3,51,2015,17,Autódromo Hermanos Rodríguez,13,98625,15,14,Sauber,9.0,36.0,82716,15909,39,12,71,20,832.0,15.0,831.0,15.0,2916.4999999999905,0,0,Standard
1104,830,1,55,2023,6,Circuit de Monaco,1,130567,9,1,Red Bull,119.0,224.0,76604,53963,0,55,78,23,,15.0,4.0,15.0,5000.0,0,1,Emergency
1014,826,2,45,2019,5,Circuit de Barcelona-Catalunya,8,90505,5,9,Toro Rosso,1.0,4.0,80726,9779,21,24,66,21,154.0,15.0,825.0,4.147,1599.6000000000022,0,0,Standard
982,13,3,3,2017,14,Marina Bay Street Circuit,14,189315,3,17,Williams,31.0,55.0,107055,82260,2,1,58,55,840.0,1.427,154.0,2.107,0.0,1,1,Emergency
905,824,1,25,2014,6,Circuit de Monaco,14,113669,206,21,Marussia,0.0,0.0,81254,32415,0,25,78,53,155.0,8.158,154.0,15.0,5000.0,0,1,Standard
1061,822,1,2,2021,10,Silverstone Circuit,3,159641,131,3,Mercedes,92.0,242.0,90524,69117,0,2,52,50,1.0,2.073,846.0,1.515,5000.0,0,0,Standard
1131,830,3,64,2024,11,Red Bull Ring,4,98003,9,1,Red Bull,219.0,330.0,67719,30284,51,13,71,7,857.0,8.371,1.0,11.06,5000.0,0,0,Standard
1100,815,2,2,2023,3,Albert Park Grand Prix Circuit,18,131789,9,0,Red Bull,43.0,87.0,80235,51554,1,1,58,56,822.0,12.582,858.0,0.669,0.0,1,1,Emergency
1012,826,1,7,2019,3,Shanghai International Circuit,16,106599,5,11,Toro Rosso,1.0,3.0,97975,8624,0,7,56,49,847.0,0.822,841.0,2.366,1219.9999999999893,0,0,Undercut
932,807,1,28,2015,7,Circuit Gilles Villeneuve,9,95434,10,7,Force India,6.0,17.0,78238,17196,0,28,70,42,20.0,4.027,830.0,6.797,3155.6000000000063,0,0,Standard
1104,846,2,54,2023,6,Circuit de Monaco,11,132003,1,10,McLaren,10.0,14.0,77844,54159,50,4,78,24,857.0,9.375,825.0,4.3,5000.0,0,0,Standard
1055,20,1,21,2021,4,Circuit de Barcelona-Catalunya,13,88530,117,13,Aston Martin,0.0,5.0,82820,5710,0,21,66,45,8.0,1.264,847.0,1.061,699.8000000000006,0,0,Standard
1018,830,1,31,2019,9,Red Bull Ring,1,72701,9,2,Red Bull,100.0,137.0,67475,5226,0,31,71,40,,15.0,844.0,3.377,743.400000000002,0,0,Standard
1115,848,1,18,2023,17,Losail International Circuit,2,93029,3,13,Williams,21.0,21.0,86666,6363,0,18,57,39,830.0,1.296,857.0,6.88,632.4999999999907,1,0,Standard
945,154,2,43,2015,19,Yas Marina Circuit,8,109807,208,18,Lotus F1,49.0,76.0,105859,3948,23,20,55,12,807.0,0.527,826.0,0.583,438.8000000000055,0,0,Undercut
1111,832,4,60,2023,13,Circuit Park Zandvoort,5,81844,6,6,Ferrari,92.0,191.0,74934,6910,41,19,72,12,842.0,1.258,848.0,0.365,1382.1000000000138,0,0,Standard
1131,852,2,44,2024,11,Red Bull Ring,8,75062,215,14,RB F1 Team,19.0,28.0,70318,4744,21,23,71,27,815.0,15.0,807.0,1.14,663.7000000000029,0,0,Standard
1117,848,2,34,2023,19,Autódromo Hermanos Rodríguez,12,151150,3,14,Williams,25.0,26.0,82773,68377,33,1,71,37,842.0,2.473,855.0,4.786,0.0,0,0,Standard
965,815,1,10,2016,18,Circuit of the Americas,12,106595,10,11,Force India,80.0,134.0,103925,2670,0,10,56,46,154.0,0.939,821.0,4.417,37.29999999998869,0,0,Undercut
1094,4,1,40,2022,20,Autódromo Hermanos Rodríguez,7,89420,214,9,Alpine F1 Team,71.0,149.0,82866,6554,0,40,71,31,844.0,0.849,817.0,13.745,1088.7000000000057,0,0,Undercut
1079,840,1,14,2022,6,Circuit de Barcelona-Catalunya,9,94527,117,17,Aston Martin,2.0,6.0,86876,7651,0,14,66,52,832.0,0.047,846.0,2.392,599.6000000000025,0,1,Undercut
1087,848,2,26,2022,14,Circuit de Spa-Francorchamps,11,120055,3,6,Williams,3.0,3.0,113055,7000,10,16,44,18,855.0,0.881,4.0,0.115,901.7999999999925,0,1,Undercut
900,817,2,36,2014,1,Albert Park Grand Prix Circuit,3,113313,9,2,Red Bull,0.0,0.0,93066,20247,12,24,57,21,825.0,12.459,18.0,15.0,3380.2000000000025,0,0,Standard
998,4,2,32,2018,10,Silverstone Circuit,7,105571,1,13,McLaren,36.0,44.0,93482,12089,13,19,52,20,817.0,15.0,807.0,0.966,2120.099999999988,1,0,Standard
985,839,1,14,2017,17,Circuit of the Americas,6,102243,10,6,Force India,65.0,147.0,100499,1744,0,14,56,42,830.0,7.384,4.0,2.794,-318.99999999999716,0,0,Standard
952,830,2,34,2016,5,Circuit de Barcelona-Catalunya,2,94587,9,4,Red Bull,13.0,57.0,88816,5771,12,22,66,32,8.0,1.333,817.0,5.532,814.1000000000172,0,0,Standard
931,18,2,64,2015,6,Circuit de Monaco,8,128020,1,10,McLaren,0.0,0.0,79490,48530,35,29,78,14,815.0,15.0,831.0,15.0,5000.0,0,0,Emergency
916,4,2,43,2014,17,Circuit of the Americas,6,105709,6,6,Ferrari,141.0,188.0,101474,4235,16,27,56,13,822.0,15.0,20.0,15.0,147.09999999999667,0,0,Standard
1088,855,2,37,2022,15,Circuit Park Zandvoort,12,81990,51,14,Alfa Romeo,5.0,51.0,75940,6050,12,25,72,35,852.0,8.835,848.0,0.454,1004.5000000000025,0,0,Overcut
1006,840,2,5,2018,18,Circuit of the Americas,18,103579,3,15,Williams,6.0,7.0,100433,3146,1,4,56,51,844.0,7.646,,15.0,-5000.0,0,0,Standard
1134,848,1,8,2024,14,Circuit de Spa-Francorchamps,13,115365,3,10,Williams,4.0,4.0,107996,7369,0,8,44,36,822.0,1.155,840.0,0.572,1029.2999999999947,0,0,Standard
950,828,2,28,2016,3,Shanghai International Circuit,14,110299,15,15,Sauber,0.0,0.0,103269,7030,4,24,56,28,821.0,3.326,18.0,4.344,775.0000000000002,0,1,Standard
1042,8,1,11,2020,12,Autódromo Internacional do Algarve,12,88357,51,16,Alfa Romeo,2.0,5.0,81058,7299,0,11,66,55,839.0,2.536,847.0,0.288,767.6999999999988,0,0,Standard
964,825,1,25,2016,17,Suzuka Circuit,13,103305,4,17,Renault,7.0,8.0,98036,5269,0,25,53,28,828.0,5.855,4.0,1.742,587.000000000001,0,0,Standard
1120,830,2,43,2023,22,Yas Marina Circuit,1,91391,9,1,Red Bull,549.0,822.0,86993,4398,16,27,58,15,,15.0,844.0,15.0,511.3000000000021,0,0,Standard
1011,840,1,1,2019,2,Bahrain International Circuit,19,132920,211,18,Racing Point,2.0,2.0,97037,35883,0,1,57,56,847.0,15.0,154.0,7.044,0.0,0,0,Standard
934,817,1,11,2015,9,Silverstone Circuit,10,99119,9,10,Red Bull,36.0,55.0,99119,0,0,11,52,41,815.0,1.451,832.0,0.69,-250.99999999999903,0,0,Standard
917,4,1,7,2014,18,Autódromo José Carlos Pace,7,82199,6,8,Ferrari,149.0,196.0,74313,7886,0,7,71,64,807.0,0.517,826.0,0.432,921.0999999999954,0,0,Undercut
1118,858,2,2,2023,20,Autódromo José Carlos Pace,14,145350,3,19,Williams,1.0,28.0,75738,69612,1,1,71,69,855.0,1.527,807.0,3.985,0.0,1,1,Standard
1057,844,1,9,2021,6,Baku City Circuit,6,111823,6,1,Ferrari,40.0,78.0,105382,6441,0,9,51,42,832.0,0.523,20.0,6.654,988.3999999999915,0,0,Undercut
976,154,3,17,2017,8,Baku City Circuit,14,151305,210,16,Haas F1 Team,10.0,15.0,106831,44474,14,3,51,34,838.0,0.962,828.0,1.269,-5000.0,0,0,Undercut
995,838,1,1,2018,7,Circuit Gilles Villeneuve,18,159229,1,15,McLaren,8.0,40.0,75765,83464,0,1,68,67,828.0,13.592,,15.0,0.0,0,0,Emergency
1107,832,1,2,2023,9,Red Bull Ring,3,114713,6,3,Ferrari,68.0,122.0,68880,45833,0,2,71,69,844.0,1.57,1.0,2.939,5000.0,0,0,Standard
968,815,1,9,2016,21,Yas Marina Circuit,2,109917,10,8,Force India,97.0,163.0,105249,4668,0,9,55,46,817.0,12.815,1.0,3.711,536.8999999999877,0,1,Standard
1117,847,2,34,2023,19,Autódromo Hermanos Rodríguez,7,145843,131,8,Mercedes,143.0,344.0,82780,63063,26,8,71,37,857.0,5.928,852.0,3.348,5000.0,0,0,Standard
1109,822,1,9,2023,11,Hungaroring,14,88918,51,7,Alfa Romeo,5.0,9.0,83651,5267,0,9,70,61,825.0,0.233,855.0,1.042,619.9999999999972,0,0,Undercut
969,832,1,18,2017,1,Albert Park Grand Prix Circuit,8,107439,5,8,Toro Rosso,0.0,0.0,87677,19762,0,18,57,39,826.0,15.0,815.0,6.092,3439.0999999999945,0,1,Standard
941,813,1,30,2015,15,Sochi Autodrom,11,108255,208,14,Lotus F1,16.0,60.0,101520,6735,0,30,53,23,832.0,1.248,18.0,8.546,815.6999999999964,0,0,Standard
909,818,1,13,2014,10,Hockenheimring,12,87963,5,13,Toro Rosso,9.0,15.0,81876,6087,0,13,67,54,817.0,1.28,821.0,0.135,608.8000000000077,0,0,Standard
927,13,2,24,2015,2,Sepang International Circuit,5,112639,3,7,Williams,12.0,12.0,103990,8649,4,20,56,32,822.0,0.996,8.0,0.756,990.1999999999978,0,0,Undercut
973,839,2,34,2017,5,Circuit de Barcelona-Catalunya,6,124618,10,10,Force India,9.0,31.0,86276,38342,16,18,66,32,815.0,11.749,832.0,15.0,5000.0,0,0,Standard
902,8,1,13,2014,3,Bahrain International Circuit,9,106504,6,5,Ferrari,6.0,30.0,99438,7066,0,13,57,44,817.0,1.673,825.0,4.371,765.2000000000029,0,0,Standard
930,1,3,51,2015,5,Circuit de Barcelona-Catalunya,2,94037,131,2,Mercedes,93.0,159.0,88270,5767,32,19,66,15,3.0,1.761,20.0,15.0,917.5999999999956,0,0,Standard
956,835,3,29,2016,9,Red Bull Ring,12,121877,4,19,Renault,0.0,6.0,70228,51649,28,1,71,42,13.0,1.352,4.0,1.268,0.0,1,1,Standard
1080,846,4,51,2022,7,Circuit de Monaco,6,95948,1,5,McLaren,39.0,50.0,74693,21255,30,21,64,13,847.0,15.0,4.0,14.05,3803.6999999999884,0,0,Standard
1142,830,2,27,2024,22,Las Vegas Strip Street Circuit,3,103108,9,5,Red Bull,393.0,544.0,96248,6860,11,16,50,23,844.0,1.886,832.0,0.629,1183.4999999999934,0,0,Standard
956,822,4,51,2016,9,Red Bull Ring,8,74304,3,7,Williams,52.0,90.0,70210,4094,29,22,71,20,154.0,1.223,13.0,1.755,640.1999999999925,0,0,Standard
1053,854,3,31,2021,2,Autodromo Enzo e Dino Ferrari,16,139925,210,18,Haas F1 Team,0.0,0.0,79193,60732,21,10,63,32,20.0,15.0,853.0,15.0,5000.0,0,0,Standard
1034,847,1,12,2020,4,Silverstone Circuit,15,103329,3,20,Williams,0.0,0.0,90862,12467,0,12,52,40,154.0,0.213,849.0,6.112,1941.6999999999975,0,0,Undercut
1064,844,1,34,2021,13,Circuit Park Zandvoort,4,80851,6,5,Ferrari,82.0,165.5,74780,6071,0,34,72,38,822.0,13.091,842.0,7.356,937.5000000000117,0,0,Standard
1028,826,2,39,2019,19,Circuit of the Americas,13,103211,5,13,Toro Rosso,34.0,64.0,98969,4242,21,18,56,17,807.0,2.366,825.0,15.0,442.09999999999286,0,0,Standard
907,807,1,9,2014,8,Red Bull Ring,12,79156,10,10,Force India,57.0,77.0,73156,6000,0,9,71,62,18.0,0.865,16.0,2.167,808.0999999999963,0,0,Undercut
943,822,2,53,2015,17,Autódromo Hermanos Rodríguez,3,115838,3,6,Williams,111.0,220.0,81585,34253,8,45,71,18,1.0,1.937,826.0,8.676,5000.0,0,1,Emergency
1023,9,2,44,2019,14,Autodromo Nazionale di Monza,17,99222,3,15,Williams,1.0,1.0,84989,14233,29,15,53,9,154.0,13.231,,15.0,2314.9000000000156,0,0,Standard
955,835,1,11,2016,8,Baku City Circuit,17,118902,4,21,Renault,0.0,6.0,107583,11319,0,11,51,40,831.0,0.203,154.0,6.103,1163.1000000000051,0,1,Undercut
941,829,1,14,2015,15,Sochi Autodrom,16,147874,209,17,Manor Marussia,0.0,0.0,104926,42948,0,14,53,39,833.0,2.412,,15.0,5000.0,1,0,Emergency
953,4,2,32,2016,6,Circuit de Monaco,5,107748,1,9,McLaren,8.0,12.0,79170,28578,14,18,78,46,20.0,0.321,821.0,6.279,3452.1999999999903,1,0,Undercut
1021,847,1,16,2019,12,Hungaroring,17,87336,3,15,Williams,0.0,1.0,82386,4950,0,16,70,54,822.0,7.118,840.0,1.495,147.59999999998763,0,0,Standard
1060,852,1,12,2021,9,Red Bull Ring,10,74338,213,7,AlphaTauri,9.0,46.0,68455,5883,0,12,71,59,815.0,0.102,844.0,0.263,704.7000000000005,0,0,Undercut
993,843,1,1,2018,5,Circuit de Barcelona-Catalunya,15,131078,5,20,Toro Rosso,1.0,13.0,81439,49639,0,1,66,65,838.0,4.436,828.0,0.771,0.0,0,0,Emergency
1028,840,2,29,2019,19,Circuit of the Americas,11,102386,211,14,Racing Point,21.0,64.0,100380,2006,9,20,56,27,8.0,8.683,815.0,0.283,136.50000000000455,0,0,Standard
1084,815,1,1,2022,11,Red Bull Ring,20,113302,9,5,Red Bull,147.0,328.0,71843,41459,0,1,71,70,822.0,15.0,,15.0,0.0,0,0,Standard
916,8,3,52,2014,17,Circuit of the Americas,13,107187,6,8,Ferrari,47.0,188.0,102888,4299,42,10,56,4,20.0,4.375,821.0,15.0,373.2999999999977,0,0,Standard
1130,848,2,43,2024,10,Circuit de Barcelona-Catalunya,15,85925,3,0,Williams,2.0,2.0,79132,6793,18,25,66,23,855.0,1.598,822.0,1.64,997.5000000000169,1,0,Standard
983,835,1,13,2017,15,Sepang International Circuit,10,101901,4,12,Renault,8.0,42.0,97186,4715,0,13,56,43,832.0,1.812,839.0,4.638,484.2000000000098,0,0,Standard
1066,8,1,15,2021,15,Sochi Autodrom,10,106725,51,13,Alfa Romeo,2.0,3.0,100289,6436,0,15,53,38,20.0,0.613,842.0,0.463,908.5999999999963,0,0,Undercut
912,1,1,25,2014,13,Autodromo Nazionale di Monza,1,93715,131,1,Mercedes,191.0,411.0,88004,5711,0,25,53,28,,15.0,3.0,15.0,911.900000000001,0,1,Standard
1111,848,2,61,2023,13,Circuit Park Zandvoort,4,93951,3,4,Williams,11.0,11.0,74468,19483,44,17,72,11,815.0,6.722,842.0,4.821,4073.0,1,1,Standard
957,835,2,16,2016,10,Silverstone Circuit,17,111613,4,18,Renault,0.0,6.0,99755,11858,6,10,52,36,154.0,1.768,825.0,5.248,-972.0000000000142,0,0,Standard
1111,846,5,63,2023,13,Circuit Park Zandvoort,7,111321,1,2,McLaren,69.0,103.0,74390,36931,60,3,72,9,1.0,15.0,847.0,3.235,5000.0,0,0,Standard
1129,840,2,44,2024,9,Circuit Gilles Villeneuve,8,101732,117,9,Aston Martin,11.0,44.0,76762,24970,25,19,70,26,852.0,3.046,839.0,1.507,3222.100000000019,0,0,Standard
1062,830,3,3,2021,11,Hungaroring,12,1569129,9,3,Red Bull,185.0,289.0,80945,100000,2,1,70,67,817.0,0.842,1.0,0.138,0.0,1,1,Emergency
969,840,2,29,2017,1,Albert Park Grand Prix Circuit,13,110755,3,20,Williams,0.0,0.0,89389,21366,5,24,57,28,807.0,15.0,841.0,15.0,4062.7000000000025,0,0,Standard
977,826,3,55,2017,9,Red Bull Ring,16,73894,5,14,Toro Rosso,4.0,33.0,68061,5833,9,46,71,16,828.0,15.0,,15.0,816.6000000000038,0,0,Standard
939,18,2,37,2015,13,Marina Bay Street Circuit,7,147811,1,15,McLaren,6.0,17.0,111167,36644,13,24,61,24,826.0,12.363,815.0,6.664,5000.0,0,0,Standard
1118,807,1,1,2023,20,Autódromo José Carlos Pace,17,151032,210,11,Haas F1 Team,9.0,12.0,75036,75996,0,1,71,70,817.0,1.616,,15.0,0.0,0,0,Standard
1112,832,1,19,2023,14,Autodromo Nazionale di Monza,4,91912,6,1,Ferrari,102.0,201.0,85501,6411,0,19,51,32,815.0,2.787,847.0,3.98,757.5000000000008,0,0,Standard
1033,847,3,50,2020,3,Hungaroring,17,86125,3,12,Williams,0.0,0.0,79984,6141,19,31,70,20,8.0,1.211,841.0,15.0,920.5999999999937,0,0,Standard
944,829,2,40,2015,18,Autódromo José Carlos Pace,19,87015,209,18,Manor Marussia,0.0,0.0,79098,7917,15,25,71,31,834.0,0.394,,15.0,808.1000000000067,0,0,Undercut
1040,849,1,17,2020,10,Sochi Autodrom,16,108279,3,20,Williams,0.0,0.0,101044,7235,0,17,53,36,846.0,7.527,841.0,4.194,1339.600000000009,0,1,Standard
934,3,2,44,2015,9,Silverstone Circuit,1,113679,131,2,Mercedes,159.0,328.0,96975,16704,20,24,52,8,,15.0,1.0,11.619,2176.3000000000184,0,1,Standard
1072,4,2,13,2021,21,Jeddah Corniche Circuit,15,188223,214,13,Alpine F1 Team,77.0,137.0,91633,96590,10,3,50,37,846.0,3.161,853.0,5.403,5000.0,0,0,Emergency
980,8,3,29,2017,12,Circuit de Spa-Francorchamps,5,114229,6,4,Ferrari,116.0,318.0,107730,6499,17,12,44,15,817.0,15.0,807.0,13.952,1016.4000000000007,0,0,Standard
1128,830,1,1,2024,8,Circuit de Monaco,6,2478944,9,6,Red Bull,161.0,268.0,74569,100000,0,1,78,77,847.0,5.06,1.0,4.86,0.0,0,0,Emergency
990,840,2,30,2018,2,Bahrain International Circuit,18,102258,3,20,Williams,0.0,0.0,95266,6992,10,20,57,27,845.0,1.619,,15.0,854.5999999999987,0,0,Standard
1082,832,2,49,2022,9,Circuit Gilles Villeneuve,2,96178,6,3,Ferrari,83.0,199.0,75749,20429,20,29,70,21,830.0,3.154,1.0,15.0,3624.7999999999683,0,0,Emergency
976,815,4,33,2017,8,Baku City Circuit,14,112117,10,6,Force India,44.0,71.0,105588,6529,20,13,51,18,836.0,15.0,8.0,2.488,912.5999999999958,0,0,Standard
1080,840,1,1,2022,7,Circuit de Monaco,19,205123,117,18,Aston Martin,2.0,6.0,77672,100000,0,1,64,63,855.0,12.347,849.0,15.0,0.0,0,0,Emergency
969,826,2,49,2017,1,Albert Park Grand Prix Circuit,9,109074,5,9,Toro Rosso,0.0,0.0,86711,22363,34,15,57,8,832.0,12.96,4.0,15.0,3924.1999999999707,0,0,Standard
917,818,2,27,2014,18,Autódromo José Carlos Pace,11,81221,5,15,Toro Rosso,22.0,30.0,74774,6447,9,18,71,44,13.0,3.267,20.0,1.934,935.6000000000021,1,0,Standard
1111,815,5,63,2023,13,Circuit Park Zandvoort,4,110512,9,7,Red Bull,189.0,503.0,74231,36281,60,3,72,9,842.0,0.495,832.0,3.215,331.00000000013415,0,0,Undercut
913,154,1,10,2014,14,Marina Bay Street Circuit,15,123729,208,16,Lotus F1,8.0,8.0,113543,10186,0,10,60,50,813.0,2.958,824.0,4.608,1603.199999999995,0,0,Standard
909,20,2,34,2014,10,Hockenheimring,3,86613,9,6,Red Bull,70.0,168.0,81545,5068,14,20,67,33,822.0,14.91,1.0,4.463,689.9000000000118,0,0,Standard
958,826,1,24,2016,11,Hungaroring,16,90436,5,12,Toro Rosso,23.0,41.0,84669,5767,0,24,70,46,821.0,0.404,154.0,0.067,410.49999999999494,0,0,Undercut
915,20,1,30,2014,16,Sochi Autodrom,4,109715,9,10,Red Bull,139.0,332.0,102630,7085,0,30,53,23,3.0,3.379,18.0,0.959,1045.9000000000012,0,0,Overcut
970,4,2,4,2017,2,Shanghai International Circuit,9,150670,1,13,McLaren,0.0,0.0,99496,51174,2,2,56,52,839.0,5.749,826.0,4.592,-5000.0,1,1,Standard
1092,844,2,7,2022,18,Suzuka Circuit,2,112863,6,2,Ferrari,237.0,439.0,104489,8374,2,5,28,21,830.0,1.267,815.0,5.047,-5000.0,0,0,Standard
1111,832,3,41,2023,13,Circuit Park Zandvoort,5,79511,6,6,Ferrari,92.0,191.0,74934,4577,10,31,72,31,842.0,7.538,848.0,1.77,742.1999999999936,0,0,Standard
982,825,6,38,2017,14,Marina Bay Street Circuit,12,168022,210,16,Haas F1 Team,11.0,35.0,107585,60437,24,14,58,20,839.0,9.26,13.0,15.0,5000.0,0,1,Standard
1015,844,2,16,2019,6,Circuit de Monaco,20,103124,6,15,Ferrari,57.0,121.0,79151,23973,9,7,78,62,841.0,15.0,,15.0,5000.0,0,0,Standard
1008,4,2,54,2018,20,Autódromo José Carlos Pace,18,79564,1,17,McLaren,50.0,62.0,72643,6921,15,39,71,17,838.0,6.529,,15.0,932.599999999993,0,0,Standard
1070,832,1,42,2021,18,Autódromo Hermanos Rodríguez,4,85413,6,6,Ferrari,122.5,250.5,80081,5332,0,42,71,29,815.0,12.176,842.0,6.526,856.5000000000036,1,0,Standard
1065,1,1,25,2021,14,Autodromo Nazionale di Monza,1,90855,131,4,Mercedes,221.5,344.5,85870,4985,0,25,53,28,,15.0,844.0,1.446,744.8999999999982,0,0,Overcut
927,831,3,30,2015,2,Sepang International Circuit,15,112875,15,16,Sauber,10.0,14.0,103902,8973,20,10,56,26,154.0,0.612,813.0,3.864,1135.3999999999935,0,0,Undercut
1039,8,5,42,2020,9,Autodromo Internazionale del Mugello,12,108127,51,13,Alfa Romeo,0.0,2.0,81164,26963,27,15,59,17,844.0,15.0,154.0,10.262,5000.0,0,0,Standard
982,154,4,27,2017,14,Marina Bay Street Circuit,9,129743,210,15,Haas F1 Team,24.0,35.0,107637,22106,3,24,58,31,838.0,15.0,839.0,0.907,970.4000000000082,0,0,Standard
1080,847,2,30,2022,7,Circuit de Monaco,5,1290766,131,6,Mercedes,74.0,120.0,76830,100000,21,9,64,34,844.0,7.819,846.0,6.957,5000.0,0,0,Emergency
904,4,1,16,2014,5,Circuit de Barcelona-Catalunya,5,97187,6,7,Ferrari,41.0,52.0,89898,7289,0,16,66,50,8.0,4.113,807.0,2.004,700.799999999996,0,0,Standard
970,20,5,34,2017,2,Shanghai International Circuit,2,102847,6,2,Ferrari,25.0,37.0,95423,7424,6,28,56,22,1.0,15.0,8.0,6.882,1074.4000000000087,0,0,Standard
1124,846,2,11,2024,4,Suzuka Circuit,4,100760,1,3,McLaren,27.0,55.0,95186,5574,1,10,53,42,832.0,1.276,4.0,3.131,636.9999999999925,0,0,Standard
1078,847,1,40,2022,5,Miami International Autodrome,7,103317,131,12,Mercedes,49.0,77.0,92195,11122,0,40,57,17,1.0,1.189,839.0,15.0,1859.8000000000125,0,0,Standard
1110,825,1,5,2023,12,Circuit de Spa-Francorchamps,18,119429,210,16,Haas F1 Team,2.0,11.0,110993,8436,0,5,44,39,846.0,3.328,817.0,0.651,-975.8999999999995,0,0,Standard
982,840,3,3,2017,14,Marina Bay Street Circuit,13,189287,3,18,Williams,24.0,55.0,107512,81775,2,1,58,55,4.0,1.406,13.0,1.427,0.0,1,1,Emergency
1094,1,1,29,2022,20,Autódromo Hermanos Rodríguez,1,86247,131,3,Mercedes,198.0,416.0,82062,4185,0,29,71,42,,15.0,847.0,1.939,519.6000000000053,0,0,Standard
1025,807,1,16,2019,16,Sochi Autodrom,9,105342,4,6,Renault,33.0,67.0,98519,6823,0,16,53,37,815.0,2.9,825.0,2.505,632.7999999999946,0,0,Standard
953,831,2,32,2016,6,Circuit de Monaco,14,113427,15,0,Sauber,0.0,0.0,81889,31538,8,24,78,46,837.0,15.0,822.0,1.637,3843.8999999999874,0,1,Standard
1085,840,1,18,2022,12,Circuit Paul Ricard,12,138213,117,15,Aston Martin,3.0,18.0,99185,39028,0,18,53,35,839.0,1.815,848.0,3.39,5000.0,0,0,Standard
951,825,1,16,2016,4,Sochi Autodrom,9,108851,4,17,Renault,0.0,0.0,101832,7019,0,16,53,37,154.0,5.949,18.0,2.202,868.2999999999921,0,0,Standard
1121,848,1,15,2024,1,Bahrain International Circuit,5,101171,3,13,Williams,0.0,0.0,95723,5448,0,15,57,42,847.0,0.704,844.0,0.188,471.49999999999994,0,0,Undercut
1029,20,2,49,2019,20,Autódromo José Carlos Pace,3,77471,6,2,Ferrari,230.0,479.0,71384,6087,25,24,71,22,1.0,1.976,848.0,14.028,941.6999999999921,0,0,Standard
956,815,2,26,2016,9,Red Bull Ring,12,83198,10,16,Force India,39.0,59.0,70120,13078,9,17,71,45,4.0,1.752,832.0,1.133,2293.299999999996,0,0,Standard
1057,844,2,47,2021,6,Baku City Circuit,5,133338,6,1,Ferrari,40.0,78.0,105382,27956,9,38,51,4,842.0,2.542,852.0,2.625,5000.0,0,0,Standard
990,154,1,18,2018,2,Bahrain International Circuit,8,101290,210,16,Haas F1 Team,0.0,0.0,94053,7237,0,18,57,39,842.0,2.6,825.0,0.747,557.8999999999897,0,0,Standard
1088,815,1,14,2022,15,Circuit Park Zandvoort,6,80281,9,5,Red Bull,191.0,475.0,74404,5877,0,14,72,58,847.0,2.406,846.0,3.783,559.4000000000057,0,0,Standard
1060,20,1,17,2021,9,Red Bull Ring,9,75194,117,11,Aston Martin,30.0,44.0,68420,6774,0,17,71,54,832.0,1.172,847.0,1.097,677.9000000000025,0,0,Standard
1061,1,2,27,2021,10,Silverstone Circuit,2,92852,131,2,Mercedes,150.0,242.0,89699,3153,2,25,52,25,844.0,3.119,832.0,15.0,25.000000000002313,0,0,Standard
1021,817,1,46,2019,12,Hungaroring,12,85885,4,20,Renault,22.0,39.0,80839,5046,0,46,70,24,826.0,1.018,848.0,0.06,617.1,0,0,Overcut
1006,840,1,1,2018,18,Circuit of the Americas,18,117648,3,15,Williams,6.0,7.0,100433,17215,0,1,56,55,844.0,0.899,154.0,12.171,0.0,0,0,Undercut
1064,841,2,33,2021,13,Circuit Park Zandvoort,14,81476,51,7,Alfa Romeo,1.0,3.0,75125,6351,27,6,72,39,840.0,2.109,9.0,0.546,868.6000000000049,0,0,Standard
996,832,1,26,2018,8,Circuit Paul Ricard,14,120939,4,7,Renault,24.0,56.0,95638,25301,0,26,53,27,843.0,0.209,828.0,2.524,4429.799999999993,0,0,Undercut
1035,1,1,14,2020,5,Silverstone Circuit,1,91888,131,2,Mercedes,88.0,146.0,88451,3437,0,14,52,38,,15.0,830.0,0.982,-142.39999999999728,0,0,Standard
982,836,3,3,2017,14,Marina Bay Street Circuit,17,188634,15,19,Sauber,5.0,5.0,109061,79573,2,1,58,55,828.0,1.189,,15.0,0.0,1,0,Emergency
1014,825,1,23,2019,5,Circuit de Barcelona-Catalunya,7,88009,210,8,Haas F1 Team,8.0,8.0,80770,7239,0,23,66,43,20.0,3.088,848.0,1.038,854.5999999999934,0,0,Standard
1073,815,2,36,2021,22,Yas Marina Circuit,3,112799,9,4,Red Bull,190.0,559.5,86419,26380,21,15,58,22,830.0,15.0,4.0,15.0,4942.100000000004,0,0,Emergency
959,20,2,31,2016,12,Hockenheimring,4,85196,6,6,Ferrari,110.0,224.0,78710,6486,13,18,67,36,8.0,0.768,3.0,0.545,678.8000000000067,0,0,Undercut
1123,844,1,9,2024,3,Albert Park Grand Prix Circuit,5,96036,6,4,Ferrari,28.0,49.0,79813,16223,0,9,58,49,4.0,4.931,857.0,1.287,2711.7999999999925,0,0,Standard
1084,817,2,44,2022,11,Red Bull Ring,6,74955,1,11,McLaren,15.0,73.0,69924,5031,12,32,71,27,839.0,13.0,4.0,2.991,495.80000000000575,0,0,Standard
962,839,4,45,2016,15,Marina Bay Street Circuit,18,119922,209,21,Manor Marussia,0.0,1.0,111748,8174,34,11,61,16,828.0,15.0,,15.0,1393.4999999999986,0,0,Standard
1069,847,1,9,2021,17,Circuit of the Americas,13,105120,3,20,Williams,16.0,23.0,101120,4000,0,9,56,47,20.0,1.09,840.0,1.827,193.69999999999686,0,0,Standard
949,817,1,6,2016,2,Bahrain International Circuit,7,103243,9,5,Red Bull,12.0,12.0,96064,7179,0,6,57,51,154.0,0.908,821.0,1.178,986.3999999999933,0,0,Undercut
999,832,3,56,2018,11,Hockenheimring,10,92048,4,8,Renault,28.0,70.0,77430,14618,50,6,67,11,843.0,1.788,154.0,13.554,-5000.0,0,1,Emergency
909,155,1,15,2014,10,Hockenheimring,20,90825,207,19,Caterham,0.0,0.0,82866,7959,0,15,67,52,820.0,7.667,828.0,15.0,1164.6000000000006,0,0,Standard
1120,852,1,22,2023,22,Yas Marina Circuit,1,92567,213,6,AlphaTauri,13.0,21.0,89256,3311,0,22,58,36,,15.0,830.0,0.592,232.69999999999777,0,0,Standard
1111,825,2,9,2023,13,Circuit Park Zandvoort,10,89039,210,0,Haas F1 Team,2.0,11.0,75489,13550,1,8,72,63,839.0,2.06,846.0,5.723,883.3999999999891,0,0,Standard
1079,848,4,54,2022,6,Circuit de Barcelona-Catalunya,18,94610,3,18,Williams,3.0,3.0,88281,6329,45,9,66,12,849.0,15.0,,15.0,1040.599999999985,0,0,Standard
1089,844,3,48,2022,16,Autodromo Nazionale di Monza,2,118392,6,1,Ferrari,201.0,376.0,84336,34056,33,15,53,5,830.0,15.0,847.0,15.0,5000.0,0,1,Emergency
1008,845,1,16,2018,20,Autódromo José Carlos Pace,19,79950,3,14,Williams,1.0,7.0,74262,5688,0,16,71,55,838.0,1.896,4.0,15.0,712.4999999999982,0,1,Standard
1016,817,1,8,2019,7,Circuit Gilles Villeneuve,11,93910,4,4,Renault,8.0,14.0,76075,17835,0,8,70,62,846.0,0.276,841.0,0.664,3264.3999999999974,0,0,Undercut
1062,4,3,39,2021,11,Hungaroring,1,85494,214,9,Alpine F1 Team,26.0,40.0,80359,5135,3,36,70,31,,15.0,839.0,1.217,621.9999999999986,0,1,Overcut
1015,817,1,11,2019,6,Circuit de Monaco,12,125595,4,6,Renault,6.0,12.0,75697,49898,0,11,78,67,840.0,0.132,8.0,1.565,5000.0,0,0,Emergency
1114,807,2,21,2023,16,Suzuka Circuit,13,102637,210,18,Haas F1 Team,9.0,12.0,97250,5387,8,13,53,32,842.0,1.819,855.0,1.826,418.7000000000096,0,0,Standard
962,822,4,32,2016,15,Marina Bay Street Circuit,19,119866,3,10,Williams,70.0,111.0,111368,8498,30,2,61,29,18.0,1.91,839.0,15.0,-5000.0,0,0,Standard
950,828,1,4,2016,3,Shanghai International Circuit,13,120682,15,15,Sauber,0.0,0.0,103269,17413,0,4,56,52,836.0,0.631,821.0,1.968,3126.3000000000025,0,0,Undercut
930,20,1,14,2015,5,Circuit de Barcelona-Catalunya,2,95928,6,3,Ferrari,65.0,107.0,90737,5191,0,14,66,52,3.0,11.25,822.0,4.468,675.2000000000005,0,0,Standard
907,13,1,14,2014,8,Red Bull Ring,2,78985,3,1,Williams,18.0,58.0,72586,6399,0,14,71,57,822.0,2.178,4.0,10.751,944.4000000000033,0,0,Standard
982,826,1,1,2017,14,Marina Bay Street Circuit,11,196349,5,13,Toro Rosso,4.0,40.0,130512,65837,0,1,58,57,825.0,1.958,4.0,2.427,0.0,0,0,Standard
1011,825,1,10,2019,2,Bahrain International Circuit,11,101536,210,6,Haas F1 Team,8.0,8.0,95892,5644,0,10,57,47,841.0,0.915,9.0,10.505,-69.60000000000547,0,0,Undercut
1034,830,1,13,2020,4,Silverstone Circuit,3,128840,9,3,Red Bull,33.0,55.0,87097,41743,0,13,52,39,822.0,4.879,844.0,11.046,5000.0,0,0,Standard
1115,839,2,25,2023,17,Losail International Circuit,9,92909,214,8,Alpine F1 Team,38.0,84.0,86450,6459,10,15,57,32,815.0,0.373,848.0,5.448,628.9999999999982,0,0,Undercut
1113,848,2,43,2023,15,Marina Bay Street Circuit,12,120929,3,14,Williams,21.0,21.0,97342,23587,20,23,62,19,855.0,5.242,830.0,3.091,3906.80000000004,0,0,Standard
939,18,3,41,2015,13,Marina Bay Street Circuit,14,126524,1,15,McLaren,6.0,17.0,111167,15357,37,4,61,20,828.0,5.489,834.0,15.0,-5000.0,0,0,Standard
962,828,4,36,2016,15,Marina Bay Street Circuit,17,125957,15,14,Sauber,0.0,0.0,110963,14994,25,11,61,25,18.0,5.693,835.0,7.135,2471.5999999999967,0,1,Standard
1130,855,1,9,2024,10,Circuit de Barcelona-Catalunya,18,85889,15,15,Sauber,0.0,0.0,78771,7118,0,9,66,57,848.0,0.196,858.0,0.526,577.6999999999946,0,0,Undercut
970,825,3,5,2017,2,Shanghai International Circuit,12,166313,210,12,Haas F1 Team,0.0,0.0,97528,68785,4,1,56,51,815.0,0.875,839.0,2.288,0.0,1,1,Undercut
913,824,1,15,2014,14,Marina Bay Street Circuit,17,126500,206,19,Marussia,2.0,2.0,113538,12962,0,15,60,45,16.0,0.431,813.0,0.349,1877.3000000000013,0,0,Undercut
991,830,1,17,2018,3,Shanghai International Circuit,4,104048,9,5,Red Bull,8.0,20.0,96206,7842,0,17,56,39,8.0,1.668,1.0,0.319,986.700000000007,0,0,Standard
1054,815,3,51,2021,3,Autódromo Internacional do Algarve,4,88808,9,4,Red Bull,10.0,53.0,80643,8165,3,48,66,15,822.0,1.119,846.0,15.0,1375.5000000000002,0,0,Standard
910,824,3,42,2014,11,Hungaroring,15,94645,206,15,Marussia,2.0,2.0,89883,4762,17,25,70,28,826.0,2.424,820.0,0.472,725.8000000000004,0,0,Overcut
914,154,1,2,2014,15,Suzuka Circuit,16,194442,208,16,Lotus F1,8.0,8.0,115302,79140,0,2,44,42,821.0,2.404,824.0,2.357,-5000.0,0,0,Emergency
1116,832,1,17,2023,18,Circuit of the Americas,4,103418,6,4,Ferrari,153.0,298.0,100034,3384,0,17,56,39,844.0,3.781,847.0,1.843,-10.399999999990527,0,0,Standard
902,820,1,11,2014,3,Bahrain International Circuit,19,107946,206,21,Marussia,0.0,0.0,101825,6121,0,11,57,46,828.0,1.134,16.0,12.296,681.9000000000023,0,0,Standard
1054,815,1,2,2021,3,Autódromo Internacional do Algarve,5,109102,9,4,Red Bull,10.0,53.0,80643,28459,0,2,66,64,832.0,1.01,846.0,1.892,5000.0,0,0,Standard
1042,846,1,18,2020,12,Autódromo Internacional do Algarve,9,89148,1,8,McLaren,65.0,116.0,79360,9788,0,18,66,48,848.0,0.069,20.0,1.604,996.899999999997,0,0,Undercut
973,822,1,26,2017,5,Circuit de Barcelona-Catalunya,3,92170,131,3,Mercedes,63.0,136.0,84696,7474,0,26,66,40,1.0,6.374,817.0,15.0,1105.0999999999958,0,0,Standard
1079,825,2,29,2022,6,Circuit de Barcelona-Catalunya,17,99076,210,8,Haas F1 Team,15.0,15.0,87537,11539,1,28,66,37,849.0,2.596,848.0,0.31,1246.4000000000044,0,0,Overcut
1052,847,1,13,2021,1,Bahrain International Circuit,12,100821,3,15,Williams,0.0,0.0,95036,5785,0,13,56,43,849.0,0.199,846.0,0.207,514.500000000006,0,1,Undercut
1134,832,2,28,2024,14,Circuit de Spa-Francorchamps,7,112560,6,7,Ferrari,154.0,322.0,106364,6196,20,8,44,16,844.0,1.877,815.0,5.428,961.0999999999984,0,0,Standard
1118,832,4,51,2023,20,Autódromo José Carlos Pace,4,80341,6,7,Ferrari,183.0,349.0,74406,5935,26,25,71,20,840.0,8.795,4.0,1.007,789.4000000000001,0,0,Overcut
967,3,2,28,2016,20,Autódromo José Carlos Pace,2,136732,131,2,Mercedes,349.0,679.0,86222,50510,20,8,71,43,1.0,1.926,830.0,1.037,3123.699999999994,0,0,Standard
1018,841,1,24,2019,9,Red Bull Ring,10,74245,51,7,Alfa Romeo,0.0,19.0,69051,5194,0,24,71,47,807.0,0.273,840.0,2.094,729.6000000000014,0,0,Undercut
1054,849,3,24,2021,3,Autódromo Internacional do Algarve,16,89320,3,18,Williams,0.0,0.0,83155,6165,3,21,66,42,20.0,1.441,841.0,1.625,847.6999999999963,1,1,Standard
