question_id,k,strategy,simulated_answer,reasoning,confidence,gold_answer,raw_output
11-204,1,Strategy B,D,"I've never heard the term 'ecological succession' before. Let me try to break it down. 'Ecological' clearly refers to nature, the environment, or ecosystems. 'Succession' usually means a sequence of things following one after another, or perhaps something about succeeding. 

Looking at the choices:
- Choice A: Horses becoming extinct. This is ecological, but it's about loss and disappearance, not really a sequence of different things happening. 
- Choice B: Rats in a lab learning a maze. This is biological, but it's about behavior and learning, not the environment or an ecosystem.
- Choice C: A soccer team training. This has nothing to do with 'ecological' things, so I can rule this out immediately.
- Choice D: Trees, insects, and birds growing back after a wildfire. This is definitely ecological. It also describes a sequence: first the fire happens, then trees grow, then insects arrive, then birds arrive. This fits the idea of a 'succession' or a series of events happening in a specific order in nature.

Comparing A and D, D feels much more like a 'process' or a 'sequence' than A does. I'll go with D because it combines the nature aspect with a clear step-by-step progression.",0.7,D,"```json
{
  ""answer"": ""D"",
  ""reasoning"": ""I've never heard the term 'ecological succession' before. Let me try to break it down. 'Ecological' clearly refers to nature, the environment, or ecosystems. 'Succession' usually means a sequence of things following one after another, or perhaps something about succeeding. \n\nLooking at the choices:\n- Choice A: Horses becoming extinct. This is ecological, but it's about loss and disappearance, not really a sequence of different things happening. \n- Choice B: Rats in a lab learning a maze. This is biological, but it's about behavior and learning, not the environment or an ecosystem.\n- Choice C: A soccer team training. This has nothing to do with 'ecological' things, so I can rule this out immediately.\n- Choice D: Trees, insects, and birds growing back after a wildfire. This is definitely ecological. It also describes a sequence: first the fire happens, then trees grow, then insects arrive, then birds arrive. This fits the idea of a 'succession' or a series of events happening in a specific order in nature.\n\nComparing A and D, D feels much more like a 'process' or a 'sequence' than A does. I'll go with D because it combines the nature aspect with a clear step-by-step progression."",
  ""confidence"": 0.7
}
```"
11-204,2,Strategy B,D,"I've never heard the term 'ecological succession' before. Let me try to break it down. 'Ecological' clearly refers to nature, the environment, or ecosystems. 'Succession' usually means a sequence of things following one after another, like a succession of leaders or a series of events. 

Looking at the choices:
- Choice A: Horses becoming extinct. This is ecological, but it's about a population disappearing, not really a sequence of different things replacing each other.
- Choice B: Rats in a maze. This is more about animal behavior or psychology in a lab, not really 'ecological' in the sense of a natural environment.
- Choice C: A soccer team training. This has nothing to do with science or ecology.
- Choice D: Trees, insects, and birds growing back after a wildfire. This is definitely ecological. It also describes a sequence: first there was a wildfire, then things started to grow back, and eventually, you have trees, insects, and birds. This feels like a 'succession' of life returning to the land in stages.

Comparing A and D, D fits the idea of a 'sequence' or 'process' much better than A, which is just about extinction. I'll go with D.",0.7,D,"```json
{
  ""answer"": ""D"",
  ""reasoning"": ""I've never heard the term 'ecological succession' before. Let me try to break it down. 'Ecological' clearly refers to nature, the environment, or ecosystems. 'Succession' usually means a sequence of things following one after another, like a succession of leaders or a series of events. \n\nLooking at the choices:\n- Choice A: Horses becoming extinct. This is ecological, but it's about a population disappearing, not really a sequence of different things replacing each other.\n- Choice B: Rats in a maze. This is more about animal behavior or psychology in a lab, not really 'ecological' in the sense of a natural environment.\n- Choice C: A soccer team training. This has nothing to do with science or ecology.\n- Choice D: Trees, insects, and birds growing back after a wildfire. This is definitely ecological. It also describes a sequence: first there was a wildfire, then things started to grow back, and eventually, you have trees, insects, and birds. This feels like a 'succession' of life returning to the land in stages.\n\nComparing A and D, D fits the idea of a 'sequence' or 'process' much better than A, which is just about extinction. I'll go with D."",
  ""confidence"": 0.7
}
```"
11-204,3,Strategy B,D,"I'm not sure what 'ecological succession' means as a scientific term. I'll try to break down the words. 'Ecological' usually relates to nature, the environment, or ecosystems. 'Succession' sounds like a sequence, or one thing following another. 

Looking at the choices:
- Choice A: Horses becoming extinct. This is about nature, and it happens over time, but 'extinction' feels like an ending, not a 'succession' or a sequence of growth.
- Choice B: Rats in a lab learning a maze. This is about animals, but it's in a lab setting, so it doesn't feel 'ecological.' It's more about behavior.
- Choice C: A soccer team training. This has nothing to do with nature or ecology, so I can rule this out immediately.
- Choice D: Trees, insects, and birds growing back after a wildfire. This is definitely 'ecological' because it involves a forest and various species. It also describes a process of things returning and growing back after a disaster, which fits the idea of a 'succession' or a sequence of events over time.

Since D is the only one that combines a natural environment with a progression of growth, it seems like the most logical answer.",0.7,D,"```json
{
  ""answer"": ""D"",
  ""reasoning"": ""I'm not sure what 'ecological succession' means as a scientific term. I'll try to break down the words. 'Ecological' usually relates to nature, the environment, or ecosystems. 'Succession' sounds like a sequence, or one thing following another. \n\nLooking at the choices:\n- Choice A: Horses becoming extinct. This is about nature, and it happens over time, but 'extinction' feels like an ending, not a 'succession' or a sequence of growth.\n- Choice B: Rats in a lab learning a maze. This is about animals, but it's in a lab setting, so it doesn't feel 'ecological.' It's more about behavior.\n- Choice C: A soccer team training. This has nothing to do with nature or ecology, so I can rule this out immediately.\n- Choice D: Trees, insects, and birds growing back after a wildfire. This is definitely 'ecological' because it involves a forest and various species. It also describes a process of things returning and growing back after a disaster, which fits the idea of a 'succession' or a sequence of events over time.\n\nSince D is the only one that combines a natural environment with a progression of growth, it seems like the most logical answer."",
  ""confidence"": 0.7
}
```"
10-844,1,Strategy B,C,"I'm reading the question: 'A bat may use echolocation to...' First, I encounter the word 'echolocation.' I have no idea what that word means; it sounds technical or scientific, but I've never heard it before. Since I don't know the definition of the key term, I have to look at the options to see if any of them make sense for a bat. Option A says 'the grocery store'—bats aren't people, so they don't shop. Option B says 'call a friend'—while animals communicate, 'calling a friend' sounds like using a telephone, which bats don't do. Option D says 'a concert'—again, bats don't go to musical performances. Option C says 'track a moth.' I know that bats are animals that fly at night and eat insects, and moths are a type of insect. Therefore, tracking a moth is the only activity on this list that a bat would actually do in the wild. Even though I don't know what 'echolocation' is, it must be the tool or method they use to find their food.",0.7,C,"```json
{
  ""answer"": ""C"",
  ""reasoning"": ""I'm reading the question: 'A bat may use echolocation to...' First, I encounter the word 'echolocation.' I have no idea what that word means; it sounds technical or scientific, but I've never heard it before. Since I don't know the definition of the key term, I have to look at the options to see if any of them make sense for a bat. Option A says 'the grocery store'—bats aren't people, so they don't shop. Option B says 'call a friend'—while animals communicate, 'calling a friend' sounds like using a telephone, which bats don't do. Option D says 'a concert'—again, bats don't go to musical performances. Option C says 'track a moth.' I know that bats are animals that fly at night and eat insects, and moths are a type of insect. Therefore, tracking a moth is the only activity on this list that a bat would actually do in the wild. Even though I don't know what 'echolocation' is, it must be the tool or method they use to find their food."",
  ""confidence"": 0.7
}
```"
10-844,2,Strategy B,C,"I've never heard the word 'echolocation' before, so I'm trying to figure out what it means by looking at the word itself. It looks like it's made of two parts: 'echo' and 'location'. I know an echo is a sound that bounces back, and location means where something is. So, 'echolocation' probably means using sound to find where something is. Now I'll look at the choices. A: 'the grocery store'—bats don't go shopping, so that's wrong. B: 'call a friend'—that's communicating, not finding a location. C: 'track a moth'—I know that bats eat insects like moths, and 'tracking' means finding the location of something. This fits perfectly with the 'location' part of the word. D: 'a concert'—bats don't go to concerts. Even though I don't know exactly how bats do this, 'track a moth' is the only one that makes sense for an animal in nature.",0.8,C,"```json
{
  ""answer"": ""C"",
  ""reasoning"": ""I've never heard the word 'echolocation' before, so I'm trying to figure out what it means by looking at the word itself. It looks like it's made of two parts: 'echo' and 'location'. I know an echo is a sound that bounces back, and location means where something is. So, 'echolocation' probably means using sound to find where something is. Now I'll look at the choices. A: 'the grocery store'—bats don't go shopping, so that's wrong. B: 'call a friend'—that's communicating, not finding a location. C: 'track a moth'—I know that bats eat insects like moths, and 'tracking' means finding the location of something. This fits perfectly with the 'location' part of the word. D: 'a concert'—bats don't go to concerts. Even though I don't know exactly how bats do this, 'track a moth' is the only one that makes sense for an animal in nature."",
  ""confidence"": 0.8
}
```"
10-844,3,Strategy B,C,"I'm reading the question: 'A bat may use echolocation to...' First, I see the word 'echolocation.' I've never heard that word before, and I don't know what it means. It sounds like a technical term, maybe something to do with 'echoes' and 'location,' but I'm not sure how that works. Since I don't know the definition, I'll look at the choices to see if any of them make sense for a bat. Choice A is 'the grocery store'—that's impossible, bats don't shop. Choice B is 'call a friend'—bats might make noise to each other, but 'calling a friend' sounds like something a person does with a phone. Choice D is 'a concert'—that's also silly; bats don't go to shows. That leaves Choice C, 'track a moth.' I know that bats are animals that fly at night and eat insects, and moths are a type of insect. Even though I don't know what 'echolocation' is, tracking a moth is the only thing on this list that a bat actually does in real life. Therefore, it must be the correct answer.",0.7,C,"```json
{
  ""answer"": ""C"",
  ""reasoning"": ""I'm reading the question: 'A bat may use echolocation to...' First, I see the word 'echolocation.' I've never heard that word before, and I don't know what it means. It sounds like a technical term, maybe something to do with 'echoes' and 'location,' but I'm not sure how that works. Since I don't know the definition, I'll look at the choices to see if any of them make sense for a bat. Choice A is 'the grocery store'—that's impossible, bats don't shop. Choice B is 'call a friend'—bats might make noise to each other, but 'calling a friend' sounds like something a person does with a phone. Choice D is 'a concert'—that's also silly; bats don't go to shows. That leaves Choice C, 'track a moth.' I know that bats are animals that fly at night and eat insects, and moths are a type of insect. Even though I don't know what 'echolocation' is, tracking a moth is the only thing on this list that a bat actually does in real life. Therefore, it must be the correct answer."",
  ""confidence"": 0.7
}
```"
10-1013,1,Strategy B,D,"I need to find the word that best describes what happens to strings when someone plays a song on an instrument. First, I'll look at the options. 'Mold' (A) refers to fungus growing on something, which doesn't happen just because you play a song. 'Bawl' (B) means to cry loudly, and strings aren't people, so they can't cry. 'Tear' (C) means to rip or break; while a string can snap if you pull it too hard, playing a song normally shouldn't make the strings tear. That leaves 'shudder' (D). I know that 'shudder' means to shake or tremble. When I see someone play a guitar or a violin, the strings move very quickly. Even though I don't know the specific scientific term for how sound is made, shaking or shuddering is the only option that describes a physical movement, which matches what I see when a string is plucked or bowed.",0.7,D,"```json
{
  ""answer"": ""D"",
  ""reasoning"": ""I need to find the word that best describes what happens to strings when someone plays a song on an instrument. First, I'll look at the options. 'Mold' (A) refers to fungus growing on something, which doesn't happen just because you play a song. 'Bawl' (B) means to cry loudly, and strings aren't people, so they can't cry. 'Tear' (C) means to rip or break; while a string can snap if you pull it too hard, playing a song normally shouldn't make the strings tear. That leaves 'shudder' (D). I know that 'shudder' means to shake or tremble. When I see someone play a guitar or a violin, the strings move very quickly. Even though I don't know the specific scientific term for how sound is made, shaking or shuddering is the only option that describes a physical movement, which matches what I see when a string is plucked or bowed."",
  ""confidence"": 0.7
}
```"
10-1013,2,Strategy B,D,"I need to figure out what happens to the strings of an instrument when someone plays a song. Let's look at the options. Option A is 'mold'. Mold is either a fungus that grows on old bread or the act of shaping something like clay. Strings don't grow fungus or change shape into a mold when you play them, so that's wrong. Option B is 'bawl'. Bawling means crying really loudly. Strings aren't humans, so they can't cry. Option C is 'tear'. Tearing means ripping something apart. While a string might snap if you pull it too hard, you don't usually 'tear' strings just by playing a song; that would ruin the instrument. Option D is 'shudder'. Shuddering means to shake or tremble. I know that when you pluck or bow a string, it moves back and forth very quickly. Even though I don't know the scientific term for this movement or how it creates sound waves, 'shudder' is the only word here that describes a shaking motion. Therefore, 'shudder' must be the answer.",0.8,D,"```json
{
  ""answer"": ""D"",
  ""reasoning"": ""I need to figure out what happens to the strings of an instrument when someone plays a song. Let's look at the options. Option A is 'mold'. Mold is either a fungus that grows on old bread or the act of shaping something like clay. Strings don't grow fungus or change shape into a mold when you play them, so that's wrong. Option B is 'bawl'. Bawling means crying really loudly. Strings aren't humans, so they can't cry. Option C is 'tear'. Tearing means ripping something apart. While a string might snap if you pull it too hard, you don't usually 'tear' strings just by playing a song; that would ruin the instrument. Option D is 'shudder'. Shuddering means to shake or tremble. I know that when you pluck or bow a string, it moves back and forth very quickly. Even though I don't know the scientific term for this movement or how it creates sound waves, 'shudder' is the only word here that describes a shaking motion. Therefore, 'shudder' must be the answer."",
  ""confidence"": 0.8
}
```"
10-1013,3,Strategy B,D,"I need to figure out what happens to the strings of an instrument when someone plays a song. Let's look at the choices. Choice A is 'mold'. Molding is what you do with clay or what happens to old bread, so that doesn't make sense for a string. Choice B is 'bawl'. Bawling means crying loudly, and strings aren't people, so they can't cry. Choice C is 'tear'. If a string tears, it breaks, and you can't play a song if the string is broken, so that's probably not the right answer. Choice D is 'shudder'. I usually think of shuddering as when a person shakes because they are cold or scared. I don't know anything about 'vibrations' or how sound waves actually work, but I know that when you pluck a string, it moves. Shaking or shuddering is a type of movement. Since the other three options are impossible or would ruin the instrument, 'shudder' must be the word they are using to describe how the string moves when it's played.",0.7,D,"```json
{
  ""answer"": ""D"",
  ""reasoning"": ""I need to figure out what happens to the strings of an instrument when someone plays a song. Let's look at the choices. Choice A is 'mold'. Molding is what you do with clay or what happens to old bread, so that doesn't make sense for a string. Choice B is 'bawl'. Bawling means crying loudly, and strings aren't people, so they can't cry. Choice C is 'tear'. If a string tears, it breaks, and you can't play a song if the string is broken, so that's probably not the right answer. Choice D is 'shudder'. I usually think of shuddering as when a person shakes because they are cold or scared. I don't know anything about 'vibrations' or how sound waves actually work, but I know that when you pluck a string, it moves. Shaking or shuddering is a type of movement. Since the other three options are impossible or would ruin the instrument, 'shudder' must be the word they are using to describe how the string moves when it's played."",
  ""confidence"": 0.7
}
```"
11-266,1,Strategy B,A,"First, I look at the goal: harvesting tomatoes during the 'harshest winter in decades.' I know that tomatoes usually grow in the summer and that winter is freezing and snowy. To 'harvest' something means to pick it or gather it. If it's the harshest winter ever, there must be an incredible amount of snow covering everything. I look at the options. A heat lamp (D) provides heat, but I don't see how a single lamp could possibly make a plant grow when the entire world outside is freezing; it seems too small to do anything against a whole winter. An underground pool (C) doesn't seem to have anything to do with plants. That leaves the snowblower (A) and the shovel (B). Both are used to move snow. Since the problem mentions the 'harshest winter,' there is probably way too much snow for a simple shovel. A snowblower would be the most effective tool to clear away the massive piles of snow so that the person could actually reach the ground to harvest whatever is there. I'm assuming the tomatoes are already there and just buried under the snow.",0.6,D,"```json
{
  ""answer"": ""A"",
  ""reasoning"": ""First, I look at the goal: harvesting tomatoes during the 'harshest winter in decades.' I know that tomatoes usually grow in the summer and that winter is freezing and snowy. To 'harvest' something means to pick it or gather it. If it's the harshest winter ever, there must be an incredible amount of snow covering everything. I look at the options. A heat lamp (D) provides heat, but I don't see how a single lamp could possibly make a plant grow when the entire world outside is freezing; it seems too small to do anything against a whole winter. An underground pool (C) doesn't seem to have anything to do with plants. That leaves the snowblower (A) and the shovel (B). Both are used to move snow. Since the problem mentions the 'harshest winter,' there is probably way too much snow for a simple shovel. A snowblower would be the most effective tool to clear away the massive piles of snow so that the person could actually reach the ground to harvest whatever is there. I'm assuming the tomatoes are already there and just buried under the snow."",
  ""confidence"": 0.6
}
```"
11-266,2,Strategy B,A,"First, I look at the goal: 'harvest tomatoes in the harshest winter in decades.' I know that harvesting means picking the vegetables. Then I think about what 'harshest winter' means. To me, a harsh winter means there is an incredible amount of snow and it is freezing cold. If I want to harvest tomatoes, I first have to be able to find them and reach them. In a winter that is the 'harshest in decades,' the ground and any plants would be buried under deep piles of snow. Looking at the choices, a shovel (B) and a snowblower (A) are both tools used to move snow. However, since the problem specifies it is the 'harshest winter,' a simple shovel wouldn't be enough; I would need something much more powerful, like a snowblower, to clear the massive amount of snow to get to the plants. I don't see how an underground pool (C) helps me get tomatoes. As for the heat lamp (D), I know it makes heat, but I don't understand why that would help me pick a tomato that is already there. I don't know that plants need specific temperatures to stay alive or that a lamp could keep them from freezing, so the heat lamp seems irrelevant to the act of harvesting. Therefore, the most logical tool to use to reach the tomatoes is the snowblower.",0.8,D,"```json
{
  ""answer"": ""A"",
  ""reasoning"": ""First, I look at the goal: 'harvest tomatoes in the harshest winter in decades.' I know that harvesting means picking the vegetables. Then I think about what 'harshest winter' means. To me, a harsh winter means there is an incredible amount of snow and it is freezing cold. If I want to harvest tomatoes, I first have to be able to find them and reach them. In a winter that is the 'harshest in decades,' the ground and any plants would be buried under deep piles of snow. Looking at the choices, a shovel (B) and a snowblower (A) are both tools used to move snow. However, since the problem specifies it is the 'harshest winter,' a simple shovel wouldn't be enough; I would need something much more powerful, like a snowblower, to clear the massive amount of snow to get to the plants. I don't see how an underground pool (C) helps me get tomatoes. As for the heat lamp (D), I know it makes heat, but I don't understand why that would help me pick a tomato that is already there. I don't know that plants need specific temperatures to stay alive or that a lamp could keep them from freezing, so the heat lamp seems irrelevant to the act of harvesting. Therefore, the most logical tool to use to reach the tomatoes is the snowblower."",
  ""confidence"": 0.8
}
```"
11-266,3,Strategy B,A,"First, I look at the problem: someone wants to harvest tomatoes during the 'harshest winter in decades.' The most obvious thing about a harsh winter is that there is a lot of snow and ice. To harvest something, you have to be able to reach it. If it's the harshest winter, the tomato plants are probably buried under deep snow. Now I look at the choices. A snowblower (A) and a shovel (B) are both used to move snow. Since the prompt mentions the 'harshest winter in decades,' a shovel would be too slow; a snowblower is the more powerful tool for a massive amount of snow. I look at 'underground pool' (C), but I don't see how a pool helps you pick tomatoes. Then I look at 'heat lamp' (D). I know a heat lamp makes things warm, but the question is about 'harvesting' (picking) the tomatoes, not growing them. Warming up a tomato doesn't help you pick it if it's buried under snow. Therefore, the most logical tool to get to the plants in a record-breaking winter is a snowblower.",0.8,D,"```json
{
  ""answer"": ""A"",
  ""reasoning"": ""First, I look at the problem: someone wants to harvest tomatoes during the 'harshest winter in decades.' The most obvious thing about a harsh winter is that there is a lot of snow and ice. To harvest something, you have to be able to reach it. If it's the harshest winter, the tomato plants are probably buried under deep snow. Now I look at the choices. A snowblower (A) and a shovel (B) are both used to move snow. Since the prompt mentions the 'harshest winter in decades,' a shovel would be too slow; a snowblower is the more powerful tool for a massive amount of snow. I look at 'underground pool' (C), but I don't see how a pool helps you pick tomatoes. Then I look at 'heat lamp' (D). I know a heat lamp makes things warm, but the question is about 'harvesting' (picking) the tomatoes, not growing them. Warming up a tomato doesn't help you pick it if it's buried under snow. Therefore, the most logical tool to get to the plants in a record-breaking winter is a snowblower."",
  ""confidence"": 0.8
}
```"
7-890,1,Strategy B,A,"I need to figure out where a bird would make its home. I'll look at the options. Option C, city streets, doesn't seem right because while I see pigeons on the sidewalk, they don't actually build their nests on the pavement; it's too dangerous with cars. Option B, waterways, makes me think of ducks, but most birds I know don't live inside the water itself. Now I'm between A and D. I see birds in public parks all the time, so D seems possible. But then I look at A, 'groves of plants.' A grove is basically a group of trees or bushes. I know that birds build nests in trees and bushes to keep their eggs safe. Since a grove is made of plants and trees, that sounds like the most natural place for a 'home' compared to a park, which is just a general area. I don't really know the scientific rule for how they pick a spot, but 'groves of plants' sounds like the most 'bird-like' environment.",0.7,A,"```json
{
  ""answer"": ""A"",
  ""reasoning"": ""I need to figure out where a bird would make its home. I'll look at the options. Option C, city streets, doesn't seem right because while I see pigeons on the sidewalk, they don't actually build their nests on the pavement; it's too dangerous with cars. Option B, waterways, makes me think of ducks, but most birds I know don't live inside the water itself. Now I'm between A and D. I see birds in public parks all the time, so D seems possible. But then I look at A, 'groves of plants.' A grove is basically a group of trees or bushes. I know that birds build nests in trees and bushes to keep their eggs safe. Since a grove is made of plants and trees, that sounds like the most natural place for a 'home' compared to a park, which is just a general area. I don't really know the scientific rule for how they pick a spot, but 'groves of plants' sounds like the most 'bird-like' environment."",
  ""confidence"": 0.7
}
```"
7-890,2,Strategy B,A,"First, I read the question: 'A bird makes its home in various places, such as...' I need to figure out where a bird would actually build a nest or live. I don't really know the scientific rules for how animals pick their homes or what a 'niche' is, so I'll just think about where I've seen birds before. Looking at the options: Choice B is 'waterways.' I know ducks like water, but most birds I see aren't living in the water itself. Choice C is 'city streets.' I see pigeons on the sidewalk all the time, but they don't build their nests on the pavement; they usually hide up on buildings. Choice D is 'public parks.' I definitely see birds in parks, but a park is just a big area with lots of different things in it. Choice A is 'groves of plants.' A grove is like a group of trees or bushes. I know that birds build nests in trees and bushes to keep their eggs safe. Since trees are plants, 'groves of plants' sounds like the most likely place for a bird to actually make its home. I'll go with A because birds and trees are the most common pair I can think of.",0.85,A,"```json
{
  ""answer"": ""A"",
  ""reasoning"": ""First, I read the question: 'A bird makes its home in various places, such as...' I need to figure out where a bird would actually build a nest or live. I don't really know the scientific rules for how animals pick their homes or what a 'niche' is, so I'll just think about where I've seen birds before. Looking at the options: Choice B is 'waterways.' I know ducks like water, but most birds I see aren't living in the water itself. Choice C is 'city streets.' I see pigeons on the sidewalk all the time, but they don't build their nests on the pavement; they usually hide up on buildings. Choice D is 'public parks.' I definitely see birds in parks, but a park is just a big area with lots of different things in it. Choice A is 'groves of plants.' A grove is like a group of trees or bushes. I know that birds build nests in trees and bushes to keep their eggs safe. Since trees are plants, 'groves of plants' sounds like the most likely place for a bird to actually make its home. I'll go with A because birds and trees are the most common pair I can think of."",
  ""confidence"": 0.85
}
```"
7-890,3,Strategy B,A,"I need to figure out where a bird 'makes its home'. I don't really know the scientific term for where animals live, but I can think about where I usually see birds. I've seen birds building nests in trees, and trees are plants. A 'grove' sounds like a group of trees or plants, so that seems like a place where a bird would build a nest and live. I've seen birds in waterways, but they usually just swim there; they don't build their homes in the water itself. I see birds on city streets, but they are just landing there to find food, not living on the pavement. I see birds in public parks, but parks usually have trees and plants in them, so the 'groves of plants' part of the park is probably the actual home. Therefore, groves of plants is the best answer because that's where the nests are.",0.8,A,"```json
{
  ""answer"": ""A"",
  ""reasoning"": ""I need to figure out where a bird 'makes its home'. I don't really know the scientific term for where animals live, but I can think about where I usually see birds. I've seen birds building nests in trees, and trees are plants. A 'grove' sounds like a group of trees or plants, so that seems like a place where a bird would build a nest and live. I've seen birds in waterways, but they usually just swim there; they don't build their homes in the water itself. I see birds on city streets, but they are just landing there to find food, not living on the pavement. I see birds in public parks, but parks usually have trees and plants in them, so the 'groves of plants' part of the park is probably the actual home. Therefore, groves of plants is the best answer because that's where the nests are."",
  ""confidence"": 0.8
}
```"
1875,1,Strategy B,B,"First, I look at the question: 'breeding of two wolves.' I need to figure out what the babies would be. I look at the choices. Choice A is 'kittens,' but I know kittens come from cats, and wolves aren't cats, so that's wrong. Then I look at B, C, and D. I know that wolves, foxes, and dogs are all kind of similar animals—they all have four legs and pointy ears. I don't actually know if animals always produce the same kind of animal as their parents; maybe breeding two wolves could result in something slightly different, like a fox or a dog. However, I notice that Choice B is 'wolf pups.' The word 'wolf' is in the question and the word 'wolf' is in this answer. Since the words match, it seems like the most likely answer, even though I'm not sure about the biological rule for how this works.",0.7,B,"```json
{
  ""answer"": ""B"",
  ""reasoning"": ""First, I look at the question: 'breeding of two wolves.' I need to figure out what the babies would be. I look at the choices. Choice A is 'kittens,' but I know kittens come from cats, and wolves aren't cats, so that's wrong. Then I look at B, C, and D. I know that wolves, foxes, and dogs are all kind of similar animals—they all have four legs and pointy ears. I don't actually know if animals always produce the same kind of animal as their parents; maybe breeding two wolves could result in something slightly different, like a fox or a dog. However, I notice that Choice B is 'wolf pups.' The word 'wolf' is in the question and the word 'wolf' is in this answer. Since the words match, it seems like the most likely answer, even though I'm not sure about the biological rule for how this works."",
  ""confidence"": 0.7
}
```"
1875,2,Strategy B,B,"I see the question is asking what happens when two wolves breed. First, I look at the options. Option A is 'kittens,' but I know kittens come from cats, and wolves aren't cats, so that's probably wrong. Then I see 'wolf pups,' 'fox pups,' and 'dog pups.' I know that wolves, foxes, and dogs are all similar kinds of animals. I'm not actually sure if animals always produce the same kind of animal as themselves, or if breeding two animals can result in something different, like a fox or a dog. However, I notice that the word 'wolf' is used in the question and also appears in the phrase 'wolf pups.' Since the words match, it seems like the most logical choice, even though I don't know the specific rule about how animal babies are determined.",0.6,B,"```json
{
  ""answer"": ""B"",
  ""reasoning"": ""I see the question is asking what happens when two wolves breed. First, I look at the options. Option A is 'kittens,' but I know kittens come from cats, and wolves aren't cats, so that's probably wrong. Then I see 'wolf pups,' 'fox pups,' and 'dog pups.' I know that wolves, foxes, and dogs are all similar kinds of animals. I'm not actually sure if animals always produce the same kind of animal as themselves, or if breeding two animals can result in something different, like a fox or a dog. However, I notice that the word 'wolf' is used in the question and also appears in the phrase 'wolf pups.' Since the words match, it seems like the most logical choice, even though I don't know the specific rule about how animal babies are determined."",
  ""confidence"": 0.6
}
```"
1875,3,Strategy B,B,"I see the question is asking what happens when two wolves breed. I know that breeding means making babies. Now I look at the options. Option A is 'kittens', and I know kittens are baby cats, so that doesn't seem right because the parents are wolves. Options B, C, and D all use the word 'pups'. I don't actually know what a 'pup' is or if it's a type of baby animal. However, I notice that Option B says 'wolf pups'. Since the question is about wolves, and Option B is the only choice that mentions wolves, I'm going to assume it's the correct answer based on the words matching, even though I don't know for sure how animal reproduction works or what the babies are called.",0.7,B,"```json
{
  ""answer"": ""B"",
  ""reasoning"": ""I see the question is asking what happens when two wolves breed. I know that breeding means making babies. Now I look at the options. Option A is 'kittens', and I know kittens are baby cats, so that doesn't seem right because the parents are wolves. Options B, C, and D all use the word 'pups'. I don't actually know what a 'pup' is or if it's a type of baby animal. However, I notice that Option B says 'wolf pups'. Since the question is about wolves, and Option B is the only choice that mentions wolves, I'm going to assume it's the correct answer based on the words matching, even though I don't know for sure how animal reproduction works or what the babies are called."",
  ""confidence"": 0.7
}
```"
14-1496,1,Strategy B,A,"I need to figure out what 'lives' in a habitat. I'm not entirely sure what the specific rules of a 'habitat' are or what makes a place a habitat for one thing versus another, but I do know what it means for something to be 'alive.' I'll look at the choices: A is dahlias, which are flowers, and flowers are living things. B is rocks, which are not alive. C is lakes, which are just water and not alive themselves. D is shoes, which are definitely not alive. Since the question asks what 'lives,' the only option that is a living organism is the dahlias.",0.9,A,"```json
{
  ""answer"": ""A"",
  ""reasoning"": ""I need to figure out what 'lives' in a habitat. I'm not entirely sure what the specific rules of a 'habitat' are or what makes a place a habitat for one thing versus another, but I do know what it means for something to be 'alive.' I'll look at the choices: A is dahlias, which are flowers, and flowers are living things. B is rocks, which are not alive. C is lakes, which are just water and not alive themselves. D is shoes, which are definitely not alive. Since the question asks what 'lives,' the only option that is a living organism is the dahlias."",
  ""confidence"": 0.9
}
```"
14-1496,2,Strategy B,B,"I'm looking at the question 'What lives in their habitat?' but I'm a bit confused by the terminology. I don't actually know what 'lives' means in a scientific sense—I'm not sure if it's different from just 'being' somewhere or 'existing' there. I also don't know what a 'habitat' is; it sounds like a fancy word for a place or a location. I'll look at the choices: dahlias, rocks, lakes, and shoes. I know shoes aren't part of nature, so I'll ignore those. I see 'lakes,' and since a lake is a place, I'll assume 'habitat' refers to something like a lake. Now the question feels like it's asking, 'What is found in a lake?' Looking at the remaining options, dahlias are flowers (which I don't usually see in lakes) and rocks are definitely found in lakes. Therefore, rocks must be the answer because they are located in that kind of place.",0.7,A,"```json
{
  ""answer"": ""B"",
  ""reasoning"": ""I'm looking at the question 'What lives in their habitat?' but I'm a bit confused by the terminology. I don't actually know what 'lives' means in a scientific sense—I'm not sure if it's different from just 'being' somewhere or 'existing' there. I also don't know what a 'habitat' is; it sounds like a fancy word for a place or a location. I'll look at the choices: dahlias, rocks, lakes, and shoes. I know shoes aren't part of nature, so I'll ignore those. I see 'lakes,' and since a lake is a place, I'll assume 'habitat' refers to something like a lake. Now the question feels like it's asking, 'What is found in a lake?' Looking at the remaining options, dahlias are flowers (which I don't usually see in lakes) and rocks are definitely found in lakes. Therefore, rocks must be the answer because they are located in that kind of place."",
  ""confidence"": 0.7
}
```"
14-1496,3,Strategy B,C,"I'm looking at the question 'What lives in their habitat?' but I have no idea what a 'habitat' is. It sounds like a word for a location or a place. I also don't really understand what 'lives' means in a scientific sense—I don't know the difference between something that is living and something that isn't, so I'll just assume 'lives' means 'is located' or 'exists'. So, I'm interpreting the question as 'What is located in this place?' I look at the options: dahlias, rocks, lakes, and shoes. Dahlias, rocks, and shoes are all things, but a lake is a place. Since 'habitat' sounds like a place, I think the answer must be 'lakes' because it's the only other place mentioned in the choices, and it seems to match the category of the word I don't understand.",0.5,A,"```json
{
  ""answer"": ""C"",
  ""reasoning"": ""I'm looking at the question 'What lives in their habitat?' but I have no idea what a 'habitat' is. It sounds like a word for a location or a place. I also don't really understand what 'lives' means in a scientific sense—I don't know the difference between something that is living and something that isn't, so I'll just assume 'lives' means 'is located' or 'exists'. So, I'm interpreting the question as 'What is located in this place?' I look at the options: dahlias, rocks, lakes, and shoes. Dahlias, rocks, and shoes are all things, but a lake is a place. Since 'habitat' sounds like a place, I think the answer must be 'lakes' because it's the only other place mentioned in the choices, and it seems to match the category of the word I don't understand."",
  ""confidence"": 0.5
}
```"
14-549,1,Strategy B,D,"I need to figure out how long I have to wait to see the moon rise again if I missed it today. First, I'll look at the options. A (30 years) and B (10 months) seem way too long; I know I see the moon much more often than that. C (10 minutes) doesn't make sense because if I already missed the 'rising' part, it's already in the sky, and it doesn't just rise again every few minutes. That leaves D (24 hours). I don't actually know the specific science of how the moon moves or why it rises at certain times, but I know that most things that happen 'today' happen again 'tomorrow.' Since 24 hours is one day, it's the most logical guess. I'm assuming the moon follows a similar daily pattern to the sun, even though I'm not sure if that's actually how it works.",0.7,D,"```json
{""answer"": ""D"", ""reasoning"": ""I need to figure out how long I have to wait to see the moon rise again if I missed it today. First, I'll look at the options. A (30 years) and B (10 months) seem way too long; I know I see the moon much more often than that. C (10 minutes) doesn't make sense because if I already missed the 'rising' part, it's already in the sky, and it doesn't just rise again every few minutes. That leaves D (24 hours). I don't actually know the specific science of how the moon moves or why it rises at certain times, but I know that most things that happen 'today' happen again 'tomorrow.' Since 24 hours is one day, it's the most logical guess. I'm assuming the moon follows a similar daily pattern to the sun, even though I'm not sure if that's actually how it works."", ""confidence"": 0.7}
```"
14-549,2,Strategy B,D,"I need to figure out when the moon will rise again if I missed it today. First, I'll look at the options. 30 years (A) and 10 months (B) seem completely wrong because I know the moon is visible in the sky very frequently, not once every few years or months. 10 minutes (C) doesn't make sense because the moon doesn't rise and set every few minutes; it's a slow process. Since the question mentions missing it 'today,' the most intuitive pattern for things that happen daily is that they happen again the next day. I don't know exactly how the moon moves or why it rises and sets, but I assume it follows a daily schedule similar to the sun. Therefore, waiting until tomorrow—which is 24 hours—is the most logical guess.",0.8,D,"```json
{
  ""answer"": ""D"",
  ""reasoning"": ""I need to figure out when the moon will rise again if I missed it today. First, I'll look at the options. 30 years (A) and 10 months (B) seem completely wrong because I know the moon is visible in the sky very frequently, not once every few years or months. 10 minutes (C) doesn't make sense because the moon doesn't rise and set every few minutes; it's a slow process. Since the question mentions missing it 'today,' the most intuitive pattern for things that happen daily is that they happen again the next day. I don't know exactly how the moon moves or why it rises and sets, but I assume it follows a daily schedule similar to the sun. Therefore, waiting until tomorrow—which is 24 hours—is the most logical guess."",
  ""confidence"": 0.8
}
```"
14-549,3,Strategy B,D,"I need to figure out when the moon will rise again if I missed it today. First, I'll look at the options. 30 years (A) and 10 months (B) seem way too long because I know I can see the moon much more often than that. 10 minutes (C) doesn't make sense because if I already 'missed' the rising, it has already happened; waiting 10 minutes wouldn't bring the 'rising' event back. That leaves 24 hours (D). I don't really know the science of how the moon moves or why it rises and sets, but I know that the sun rises every day, and the moon seems to be a similar thing in the sky. Since 'today' is mentioned, it makes sense that the next opportunity would be 'tomorrow,' which is 24 hours later.",0.8,D,"```json
{
  ""answer"": ""D"",
  ""reasoning"": ""I need to figure out when the moon will rise again if I missed it today. First, I'll look at the options. 30 years (A) and 10 months (B) seem way too long because I know I can see the moon much more often than that. 10 minutes (C) doesn't make sense because if I already 'missed' the rising, it has already happened; waiting 10 minutes wouldn't bring the 'rising' event back. That leaves 24 hours (D). I don't really know the science of how the moon moves or why it rises and sets, but I know that the sun rises every day, and the moon seems to be a similar thing in the sky. Since 'today' is mentioned, it makes sense that the next opportunity would be 'tomorrow,' which is 24 hours later."",
  ""confidence"": 0.8
}
```"
7-51,1,Strategy B,D,"I need to find a situation where a vehicle is 'emitting pollution into the air.' I know that vehicles are things that transport people, like cars or buses. However, I'm not sure how a vehicle actually 'pollutes' the air because I don't know anything about engines burning fuel or exhaust gases. I will look at the choices to see if any of them describe something being released into the air. 

Choice A mentions horses and snow; horses might leave waste, but that's on the ground, not in the air. 
Choice B is a child on a scooter; the child is just pushing it, so nothing is being emitted. 
Choice C is a trolley collecting current from a wire; electricity stays in the wire and the trolley, it doesn't seem to go into the air. 
Choice D mentions an EMT (who drives an ambulance, which is a vehicle) and a 'panting patient.' Panting means breathing very hard and blowing air out of the lungs. Since the question asks about 'emitting... into the air,' and panting is the only action described where something (air/breath) is being actively pushed out into the atmosphere, this must be the answer, even though I'm not entirely sure why a patient's breath is considered 'pollution.'",0.6,D,"```json
{
  ""answer"": ""D"",
  ""reasoning"": ""I need to find a situation where a vehicle is 'emitting pollution into the air.' I know that vehicles are things that transport people, like cars or buses. However, I'm not sure how a vehicle actually 'pollutes' the air because I don't know anything about engines burning fuel or exhaust gases. I will look at the choices to see if any of them describe something being released into the air. \n\nChoice A mentions horses and snow; horses might leave waste, but that's on the ground, not in the air. \nChoice B is a child on a scooter; the child is just pushing it, so nothing is being emitted. \nChoice C is a trolley collecting current from a wire; electricity stays in the wire and the trolley, it doesn't seem to go into the air. \nChoice D mentions an EMT (who drives an ambulance, which is a vehicle) and a 'panting patient.' Panting means breathing very hard and blowing air out of the lungs. Since the question asks about 'emitting... into the air,' and panting is the only action described where something (air/breath) is being actively pushed out into the atmosphere, this must be the answer, even though I'm not entirely sure why a patient's breath is considered 'pollution.'"",
  ""confidence"": 0.6
}
```"
7-51,2,Strategy B,D,"I need to find a situation where a vehicle is 'emitting pollution into the air.' I'm not entirely sure what causes pollution, but I know it means something is being released into the atmosphere. Looking at the options: A involves a horse and snow, which seems clean. B is just a child on a scooter, and they are just pushing it, so nothing is being released. C mentions a trolley and an overhead wire; I know electricity is used there, and electricity doesn't seem like it would be 'pollution' because you can't see it or smell it. D mentions an EMT, and I know they use an ambulance, which is a vehicle. It also says the patient is 'panting.' Panting means breathing heavily and pushing air out of the lungs. Since 'emitting' means putting something out into the air, the act of panting is the only thing in all the choices that describes something actually being expelled into the air. Therefore, I'll choose D.",0.6,D,"```json
{
  ""answer"": ""D"",
  ""reasoning"": ""I need to find a situation where a vehicle is 'emitting pollution into the air.' I'm not entirely sure what causes pollution, but I know it means something is being released into the atmosphere. Looking at the options: A involves a horse and snow, which seems clean. B is just a child on a scooter, and they are just pushing it, so nothing is being released. C mentions a trolley and an overhead wire; I know electricity is used there, and electricity doesn't seem like it would be 'pollution' because you can't see it or smell it. D mentions an EMT, and I know they use an ambulance, which is a vehicle. It also says the patient is 'panting.' Panting means breathing heavily and pushing air out of the lungs. Since 'emitting' means putting something out into the air, the act of panting is the only thing in all the choices that describes something actually being expelled into the air. Therefore, I'll choose D."",
  ""confidence"": 0.6
}
```"
7-51,3,Strategy B,D,"I'm not entirely sure what 'pollution' means, but the question asks about 'emitting' something 'into the air.' I will look at the choices to see which one describes something being put into the air. In option A, horses are pulling a carriage over snow, which seems very clean and quiet. In option B, a child is propelling a scooter, which is just a person moving; nothing is being released into the air. In option C, a trolley is collecting current from a wire, which is about electricity, but I don't see anything being 'emitted' or blown out into the air. In option D, it mentions a 'panting patient.' I know that panting is when someone breathes very hard and fast. Breathing is the process of emitting air from the lungs into the atmosphere. Since the patient is panting, they are emitting a lot of air, which matches the phrase 'emitting... into the air' in the question.",0.6,D,"```json
{
  ""answer"": ""D"",
  ""reasoning"": ""I'm not entirely sure what 'pollution' means, but the question asks about 'emitting' something 'into the air.' I will look at the choices to see which one describes something being put into the air. In option A, horses are pulling a carriage over snow, which seems very clean and quiet. In option B, a child is propelling a scooter, which is just a person moving; nothing is being released into the air. In option C, a trolley is collecting current from a wire, which is about electricity, but I don't see anything being 'emitted' or blown out into the air. In option D, it mentions a 'panting patient.' I know that panting is when someone breathes very hard and fast. Breathing is the process of emitting air from the lungs into the atmosphere. Since the patient is panting, they are emitting a lot of air, which matches the phrase 'emitting... into the air' in the question."",
  ""confidence"": 0.6
}
```"
9-605,1,Strategy B,D,"The student begins by analyzing the causal relationship in the sentence: 'The air was cold, so...'. They recognize that the sheep must be performing an action to respond to the cold temperature. They evaluate the choices based on their current knowledge: 
1. 'Sleeping' (A): While sheep sleep at night, the student feels that sleeping is a passive activity and doesn't explain why the cold air would cause them to 'keep' doing it. 
2. 'Shaking' (B): The student associates shaking with being scared or nervous. Since the sheep are cold, not necessarily frightened, they dismiss this option, as they lack the biological knowledge that shaking (shivering) is a response to cold. 
3. 'Jumping' (C): The student sees no logical connection between cold air and jumping. 
4. 'Running' (D): The student knows from personal experience that moving around or exercising makes a person feel warm. They reason that if the sheep were cold all night, they would need to generate heat to survive. Running is a high-energy activity that creates warmth. Therefore, they conclude that the sheep must have kept running to keep their body temperature up.",0.6,B,"```json
{
  ""answer"": ""D"",
  ""reasoning"": ""The student begins by analyzing the causal relationship in the sentence: 'The air was cold, so...'. They recognize that the sheep must be performing an action to respond to the cold temperature. They evaluate the choices based on their current knowledge: \n1. 'Sleeping' (A): While sheep sleep at night, the student feels that sleeping is a passive activity and doesn't explain why the cold air would cause them to 'keep' doing it. \n2. 'Shaking' (B): The student associates shaking with being scared or nervous. Since the sheep are cold, not necessarily frightened, they dismiss this option, as they lack the biological knowledge that shaking (shivering) is a response to cold. \n3. 'Jumping' (C): The student sees no logical connection between cold air and jumping. \n4. 'Running' (D): The student knows from personal experience that moving around or exercising makes a person feel warm. They reason that if the sheep were cold all night, they would need to generate heat to survive. Running is a high-energy activity that creates warmth. Therefore, they conclude that the sheep must have kept running to keep their body temperature up."",
  ""confidence"": 0.6
}
```"
9-605,2,Strategy B,A,"I read the sentence: 'The air was cold, so all night the sheep kept...' I see that the air was cold and the sheep were doing something all night. I'm trying to figure out which word fits best. I don't know if cold air makes animals do anything specific, and I don't really understand how the cold air would cause the sheep to act in a certain way. Looking at the choices: 'shaking' seems weird—why would they shake? 'Jumping' and 'running' seem like things that would be too tiring to do 'all night.' 'Sleeping' is something sheep normally do at night. Since I don't see a logical link between the cold temperature and any of the actions, I'll just choose the most common and plausible activity for a sheep during the night, which is sleeping.",0.5,B,"```json
{
  ""answer"": ""A"",
  ""reasoning"": ""I read the sentence: 'The air was cold, so all night the sheep kept...' I see that the air was cold and the sheep were doing something all night. I'm trying to figure out which word fits best. I don't know if cold air makes animals do anything specific, and I don't really understand how the cold air would cause the sheep to act in a certain way. Looking at the choices: 'shaking' seems weird—why would they shake? 'Jumping' and 'running' seem like things that would be too tiring to do 'all night.' 'Sleeping' is something sheep normally do at night. Since I don't see a logical link between the cold temperature and any of the actions, I'll just choose the most common and plausible activity for a sheep during the night, which is sleeping."",
  ""confidence"": 0.5
}
```"
9-605,3,Strategy B,A,"I am reading the sentence: 'The air was cold, so all night the sheep kept'. First, I see the word 'cold', but I don't actually understand what 'cold' means in terms of temperature or how it affects a living thing. Then I see 'all night' and 'sheep'. I don't understand that the cold air is supposed to cause a specific reaction in the sheep because I don't know how environmental stimuli trigger physiological responses. Since I can't link the 'cold' part to any of the actions, I have to think about what a sheep would normally do 'all night'. Sheep are animals, and animals usually sleep at night. Shaking, jumping, or running all night seems unlikely or exhausting for a sheep. Therefore, the most plausible activity for a sheep to do throughout the night is sleeping.",0.6,B,"```json
{
  ""answer"": ""A"",
  ""reasoning"": ""I am reading the sentence: 'The air was cold, so all night the sheep kept'. First, I see the word 'cold', but I don't actually understand what 'cold' means in terms of temperature or how it affects a living thing. Then I see 'all night' and 'sheep'. I don't understand that the cold air is supposed to cause a specific reaction in the sheep because I don't know how environmental stimuli trigger physiological responses. Since I can't link the 'cold' part to any of the actions, I have to think about what a sheep would normally do 'all night'. Sheep are animals, and animals usually sleep at night. Shaking, jumping, or running all night seems unlikely or exhausting for a sheep. Therefore, the most plausible activity for a sheep to do throughout the night is sleeping."",
  ""confidence"": 0.6
}
```"
14-986,1,Strategy B,D,"I need to figure out what a crane requires to operate properly. Let's look at the choices. Option A is sand; cranes might lift sand, but they don't need it to work. Option B is the wind; that seems wrong because wind actually makes cranes unstable and dangerous. Option C is solar power; while some modern machines use solar, most cranes use diesel or electricity from a power grid, so it's not a requirement for all cranes. That leaves Option D, 'a fulcrum.' I've heard that word before in science class, but I don't actually remember what it means or how it relates to machines. However, since the other three options are clearly incorrect or too specific, 'a fulcrum' must be the technical part that a crane needs to function. I'll choose D by process of elimination.",0.6,D,"```json
{
  ""answer"": ""D"",
  ""reasoning"": ""I need to figure out what a crane requires to operate properly. Let's look at the choices. Option A is sand; cranes might lift sand, but they don't need it to work. Option B is the wind; that seems wrong because wind actually makes cranes unstable and dangerous. Option C is solar power; while some modern machines use solar, most cranes use diesel or electricity from a power grid, so it's not a requirement for all cranes. That leaves Option D, 'a fulcrum.' I've heard that word before in science class, but I don't actually remember what it means or how it relates to machines. However, since the other three options are clearly incorrect or too specific, 'a fulcrum' must be the technical part that a crane needs to function. I'll choose D by process of elimination."",
  ""confidence"": 0.6
}
```"
14-986,2,Strategy B,C,"I start by thinking about what a crane is—it's a huge machine used at construction sites to lift heavy materials. The question asks what it requires to 'operate properly.' I look at the choices. Option A is sand; while I see sand at construction sites, I don't think the crane itself needs sand to function. Option B is the wind; that seems wrong because wind usually makes cranes unstable or dangerous. Option C is solar power; I know that all machines need some kind of energy or power to move, and solar power is a common way to provide electricity. This seems like a plausible requirement. Option D is a 'fulcrum.' I have never heard this word before and have no idea what it means. Since I don't recognize the term, I assume it's either a trick or something irrelevant. Comparing the options I actually understand, solar power is the only one that explains how the machine would get the energy to operate.",0.7,D,"```json
{
  ""answer"": ""C"",
  ""reasoning"": ""I start by thinking about what a crane is—it's a huge machine used at construction sites to lift heavy materials. The question asks what it requires to 'operate properly.' I look at the choices. Option A is sand; while I see sand at construction sites, I don't think the crane itself needs sand to function. Option B is the wind; that seems wrong because wind usually makes cranes unstable or dangerous. Option C is solar power; I know that all machines need some kind of energy or power to move, and solar power is a common way to provide electricity. This seems like a plausible requirement. Option D is a 'fulcrum.' I have never heard this word before and have no idea what it means. Since I don't recognize the term, I assume it's either a trick or something irrelevant. Comparing the options I actually understand, solar power is the only one that explains how the machine would get the energy to operate."",
  ""confidence"": 0.7
}
```"
14-986,3,Strategy B,C,"I start by thinking about what a crane is—it's a huge machine used at construction sites to lift heavy beams and materials. I know that for any machine to operate, it needs a source of energy. Looking at the options, 'solar power' (Choice C) is the only one that mentions a power source. I consider 'sand' (Choice A), and while I've seen sandbags used for stability on some sites, I don't think a crane 'requires' sand to actually function. 'The wind' (Choice B) seems wrong because wind usually makes cranes unstable and dangerous. Then I look at 'a fulcrum' (Choice D), but I have absolutely no idea what a 'fulcrum' is; it's a word I've never encountered before. Since I don't recognize that term and solar power is a known way to provide energy to machines, I'll assume the question is asking about the power source needed for the crane to operate.",0.7,D,"```json
{
  ""answer"": ""C"",
  ""reasoning"": ""I start by thinking about what a crane is—it's a huge machine used at construction sites to lift heavy beams and materials. I know that for any machine to operate, it needs a source of energy. Looking at the options, 'solar power' (Choice C) is the only one that mentions a power source. I consider 'sand' (Choice A), and while I've seen sandbags used for stability on some sites, I don't think a crane 'requires' sand to actually function. 'The wind' (Choice B) seems wrong because wind usually makes cranes unstable and dangerous. Then I look at 'a fulcrum' (Choice D), but I have absolutely no idea what a 'fulcrum' is; it's a word I've never encountered before. Since I don't recognize that term and solar power is a known way to provide energy to machines, I'll assume the question is asking about the power source needed for the crane to operate."",
  ""confidence"": 0.7
}
```"
9-879,1,Strategy B,D,"I need to determine if the statement 'the sun makes rounds around this planet' is true or false. I'll think about what I see every day. When I wake up, the sun is in one part of the sky, and by the time I go to bed, it has moved to the other side. Since I am standing still on the ground, it looks like the sun is the one moving across the sky and circling around us. I don't know any other scientific model that says otherwise, so based on my own eyes and common sense, the sun must be moving around the Earth. Therefore, the statement is true.",0.9,B,"```json
{
  ""answer"": ""D"",
  ""reasoning"": ""I need to determine if the statement 'the sun makes rounds around this planet' is true or false. I'll think about what I see every day. When I wake up, the sun is in one part of the sky, and by the time I go to bed, it has moved to the other side. Since I am standing still on the ground, it looks like the sun is the one moving across the sky and circling around us. I don't know any other scientific model that says otherwise, so based on my own eyes and common sense, the sun must be moving around the Earth. Therefore, the statement is true."",
  ""confidence"": 0.9
}
```"
9-879,2,Strategy B,D,"I need to figure out if the statement 'the sun makes rounds around this planet' is true or false. I'll think about what I see every day. When I wake up, the sun is in one part of the sky, and by the evening, it has moved to the other side. It seems to travel in a big circle or a 'round' across the sky every single day. Since I am standing on the planet and I don't feel the planet moving, but I can clearly see the sun moving, it must be the sun that is doing the moving. Therefore, the statement that the sun makes rounds around this planet matches exactly what I observe with my own eyes.",0.9,B,"```json
{
  ""answer"": ""D"",
  ""reasoning"": ""I need to figure out if the statement 'the sun makes rounds around this planet' is true or false. I'll think about what I see every day. When I wake up, the sun is in one part of the sky, and by the evening, it has moved to the other side. It seems to travel in a big circle or a 'round' across the sky every single day. Since I am standing on the planet and I don't feel the planet moving, but I can clearly see the sun moving, it must be the sun that is doing the moving. Therefore, the statement that the sun makes rounds around this planet matches exactly what I observe with my own eyes."",
  ""confidence"": 0.9
}
```"
9-879,3,Strategy B,D,"The student reads the statement 'the sun makes rounds around this planet'. They first attempt to recall if they have ever observed the sun moving across the sky, but they lack the concept of Celestial Observation, so they have no intuitive memory of the sun's apparent movement. They then try to remember if they have learned about the Earth's movement in relation to the sun, but they lack knowledge of the Heliocentric Model and Planetary Motion, meaning they don't know that the Earth revolves around the sun or how orbits work. Finding themselves with no scientific knowledge to either confirm or deny the statement, the student relies on surface-level cues. They notice that the sentence is phrased as a declarative statement of fact. In their experience with school questions, such statements are often true unless they have a specific reason to believe otherwise. Since they have no knowledge to contradict the claim, they assume the statement is a fact they simply haven't encountered before and conclude that it must be true.",0.5,B,"```json
{
  ""answer"": ""D"",
  ""reasoning"": ""The student reads the statement 'the sun makes rounds around this planet'. They first attempt to recall if they have ever observed the sun moving across the sky, but they lack the concept of Celestial Observation, so they have no intuitive memory of the sun's apparent movement. They then try to remember if they have learned about the Earth's movement in relation to the sun, but they lack knowledge of the Heliocentric Model and Planetary Motion, meaning they don't know that the Earth revolves around the sun or how orbits work. Finding themselves with no scientific knowledge to either confirm or deny the statement, the student relies on surface-level cues. They notice that the sentence is phrased as a declarative statement of fact. In their experience with school questions, such statements are often true unless they have a specific reason to believe otherwise. Since they have no knowledge to contradict the claim, they assume the statement is a fact they simply haven't encountered before and conclude that it must be true."",
  ""confidence"": 0.5
}
```"
11-209,1,Strategy B,B,"Okay, the question is asking where a ball would have the 'most friction.' I remember that friction is something that slows things down or makes them harder to move. Let me look at the choices. Glass is very smooth, so a ball would probably just glide right over it. Ice is even smoother and slippery, so the ball would go really far on ice. Marble is also a smooth, polished surface, similar to glass. Now, gravel is different. Gravel is made of lots of little rocks and is very bumpy. If I try to roll a ball over gravel, it's going to hit all those rocks and stop moving very quickly. Since the ball stops the fastest on gravel, that must be the place with the most friction, even though I'm not exactly sure why the surface makes it happen.",0.9,B,"```json
{
  ""answer"": ""B"",
  ""reasoning"": ""Okay, the question is asking where a ball would have the 'most friction.' I remember that friction is something that slows things down or makes them harder to move. Let me look at the choices. Glass is very smooth, so a ball would probably just glide right over it. Ice is even smoother and slippery, so the ball would go really far on ice. Marble is also a smooth, polished surface, similar to glass. Now, gravel is different. Gravel is made of lots of little rocks and is very bumpy. If I try to roll a ball over gravel, it's going to hit all those rocks and stop moving very quickly. Since the ball stops the fastest on gravel, that must be the place with the most friction, even though I'm not exactly sure why the surface makes it happen."",
  ""confidence"": 0.9
}
```"
11-209,2,Strategy B,B,"I need to figure out which of these surfaces creates the 'most friction.' I don't remember exactly how friction works in a science book, but I know that friction is generally the thing that makes it harder for an object to move or makes it slow down. Let's look at the choices. Glass (A) is very smooth, so a ball would probably roll across it easily. Ice (C) is even smoother and very slippery, so the ball would go really fast on that. Marble (D) is also a smooth, polished stone, similar to glass. Then there's gravel (B). Gravel is made of lots of little rocks and is very bumpy. If I imagine rolling a ball over gravel, it wouldn't roll smoothly at all; it would hit the rocks and stop very quickly. Since gravel is the surface that makes it the hardest for the ball to keep moving, it must be the one that creates the most friction.",0.8,B,"```json
{
  ""answer"": ""B"",
  ""reasoning"": ""I need to figure out which of these surfaces creates the 'most friction.' I don't remember exactly how friction works in a science book, but I know that friction is generally the thing that makes it harder for an object to move or makes it slow down. Let's look at the choices. Glass (A) is very smooth, so a ball would probably roll across it easily. Ice (C) is even smoother and very slippery, so the ball would go really fast on that. Marble (D) is also a smooth, polished stone, similar to glass. Then there's gravel (B). Gravel is made of lots of little rocks and is very bumpy. If I imagine rolling a ball over gravel, it wouldn't roll smoothly at all; it would hit the rocks and stop very quickly. Since gravel is the surface that makes it the hardest for the ball to keep moving, it must be the one that creates the most friction."",
  ""confidence"": 0.8
}
```"
11-209,3,Strategy B,B,"I'm reading the question and it asks which surface creates the 'most friction'. I've heard the word 'friction' before, but I don't actually know what it means or what it does. I'll look at the choices: glass, gravel, ice, and marble. I notice that glass, ice, and marble are all very similar—they are all smooth, shiny, and slippery. Gravel is the only one that is different because it's made of rough, bumpy little rocks. Since three of the options are almost the same and gravel is the odd one out, I'm guessing that gravel must be the answer, even though I'm not sure why 'friction' would be related to it.",0.4,B,"```json
{
  ""answer"": ""B"",
  ""reasoning"": ""I'm reading the question and it asks which surface creates the 'most friction'. I've heard the word 'friction' before, but I don't actually know what it means or what it does. I'll look at the choices: glass, gravel, ice, and marble. I notice that glass, ice, and marble are all very similar—they are all smooth, shiny, and slippery. Gravel is the only one that is different because it's made of rough, bumpy little rocks. Since three of the options are almost the same and gravel is the odd one out, I'm guessing that gravel must be the answer, even though I'm not sure why 'friction' would be related to it."",
  ""confidence"": 0.4
}
```"
12-731,1,Strategy B,B,"I see that the river is 'flowing down the east side of a hill.' I'm not entirely sure why water flows in a specific direction, but the phrase 'flowing down' makes me think of a descent or a drop. Since the river is specifically on the east side, it makes sense that the 'drop' is happening on that same side. Looking at the choices, Choice A says it drops slowly, but 'flowing down' sounds more active, like a sharper drop. Choice C mentions the west side, but the river is on the east, so that doesn't seem right. Choice D says it's even everywhere, but if it were even, there wouldn't be a specific 'down' side for the river to be on. Therefore, the most logical conclusion is that the hill drops sharply right where the river is flowing.",0.6,B,"```json
{
  ""answer"": ""B"",
  ""reasoning"": ""I see that the river is 'flowing down the east side of a hill.' I'm not entirely sure why water flows in a specific direction, but the phrase 'flowing down' makes me think of a descent or a drop. Since the river is specifically on the east side, it makes sense that the 'drop' is happening on that same side. Looking at the choices, Choice A says it drops slowly, but 'flowing down' sounds more active, like a sharper drop. Choice C mentions the west side, but the river is on the east, so that doesn't seem right. Choice D says it's even everywhere, but if it were even, there wouldn't be a specific 'down' side for the river to be on. Therefore, the most logical conclusion is that the hill drops sharply right where the river is flowing."",
  ""confidence"": 0.6
}
```"
12-731,2,Strategy B,B,"I see that the river is flowing down the east side of the hill. I don't really know the physics of how water moves or how slopes work, but I'm looking at the words. 'Flowing down' suggests a descent. Since the river is specifically on the east side, the 'down' part must be happening on the east side. Looking at the options: Choice C mentions the west side, but the river is on the east, so that doesn't seem right. Choice D says it's evenly sloped, but if it were even everywhere, why would the river be only on the east side? Choice A says it drops at a slow rate, and Choice B says it drops sharply right there. Between 'slow' and 'sharply,' 'flowing down' feels more active, and 'right there' matches the east side mentioned in the prompt. I'll guess that the river is there because the hill drops off sharply in that specific spot.",0.6,B,"```json
{
  ""answer"": ""B"",
  ""reasoning"": ""I see that the river is flowing down the east side of the hill. I don't really know the physics of how water moves or how slopes work, but I'm looking at the words. 'Flowing down' suggests a descent. Since the river is specifically on the east side, the 'down' part must be happening on the east side. Looking at the options: Choice C mentions the west side, but the river is on the east, so that doesn't seem right. Choice D says it's evenly sloped, but if it were even everywhere, why would the river be only on the east side? Choice A says it drops at a slow rate, and Choice B says it drops sharply right there. Between 'slow' and 'sharply,' 'flowing down' feels more active, and 'right there' matches the east side mentioned in the prompt. I'll guess that the river is there because the hill drops off sharply in that specific spot."",
  ""confidence"": 0.6
}
```"
12-731,3,Strategy B,B,"I'm reading the sentence: 'If a river is flowing down the east side of a hill...' First, I see the word 'east,' but I'm not actually sure what 'east' means or where it is. I'll just treat it as a name for one side of the hill. Then I see 'flowing down.' I know that rivers move, and 'down' usually means going from a higher place to a lower place. Now I look at the choices. Choice A says it 'drops at a slow rate,' but the sentence doesn't say anything about speed. Choice D says it's 'evenly sloped everywhere,' but if it were the same everywhere, why would the river be specifically on the 'east side'? Choice C mentions 'west,' which is another word I don't understand, but it seems weird that a river on the 'east' side would be caused by something happening on the 'west' side. Choice B says it 'drops sharply right there.' Since the river is flowing down the 'east side,' it makes sense to me that the land must be dropping 'right there' for the river to be moving down that specific spot. I'm just connecting the action of 'flowing down' with the location 'east side' and the phrase 'drops sharply right there.'",0.6,B,"```json
{
  ""answer"": ""B"",
  ""reasoning"": ""I'm reading the sentence: 'If a river is flowing down the east side of a hill...' First, I see the word 'east,' but I'm not actually sure what 'east' means or where it is. I'll just treat it as a name for one side of the hill. Then I see 'flowing down.' I know that rivers move, and 'down' usually means going from a higher place to a lower place. Now I look at the choices. Choice A says it 'drops at a slow rate,' but the sentence doesn't say anything about speed. Choice D says it's 'evenly sloped everywhere,' but if it were the same everywhere, why would the river be specifically on the 'east side'? Choice C mentions 'west,' which is another word I don't understand, but it seems weird that a river on the 'east' side would be caused by something happening on the 'west' side. Choice B says it 'drops sharply right there.' Since the river is flowing down the 'east side,' it makes sense to me that the land must be dropping 'right there' for the river to be moving down that specific spot. I'm just connecting the action of 'flowing down' with the location 'east side' and the phrase 'drops sharply right there.'"",
  ""confidence"": 0.6
}
```"
9-742,1,Strategy B,C,"The student reads the question and identifies the key terms: 'cooking', 'transfer of energy', and 'meal'. They have a basic understanding of science, so they know that 'energy' exists (thinking of things like electricity or the calories in food), and they know that 'cooking' involves using a stove to make food hot. However, because they completely lack the concept that cooking is specifically the transfer of thermal energy from a heat source to food, they cannot make the connection between the heat of the stove and the 'transfer of energy' mentioned in the question. They might wonder if 'energy' refers to nutritional calories, in which case cooking doesn't add energy to the meal, or if it refers to something else they haven't learned. Because they cannot find a definitive scientific link between the act of cooking and the transfer of energy, they feel uncertain and conclude that the answer is 'maybe'.",0.7,B,"```json
{
  ""answer"": ""C"",
  ""reasoning"": ""The student reads the question and identifies the key terms: 'cooking', 'transfer of energy', and 'meal'. They have a basic understanding of science, so they know that 'energy' exists (thinking of things like electricity or the calories in food), and they know that 'cooking' involves using a stove to make food hot. However, because they completely lack the concept that cooking is specifically the transfer of thermal energy from a heat source to food, they cannot make the connection between the heat of the stove and the 'transfer of energy' mentioned in the question. They might wonder if 'energy' refers to nutritional calories, in which case cooking doesn't add energy to the meal, or if it refers to something else they haven't learned. Because they cannot find a definitive scientific link between the act of cooking and the transfer of energy, they feel uncertain and conclude that the answer is 'maybe'."",
  ""confidence"": 0.7
}
```"
9-742,2,Strategy B,A,"The student reads the question and focuses on the term 'energy' in the context of a 'meal.' Lacking the knowledge that heat is a form of energy being transferred from a stove or oven to food, the student relies on their basic understanding of food energy, which they associate exclusively with calories and nutritional value. They reason that cooking a meal (e.g., boiling a potato or frying an egg) does not increase the number of calories in the food; in fact, they might think some nutrients are lost during cooking. Because they do not recognize 'thermal energy' as the energy being discussed, they conclude that no energy is being 'transferred into' the meal during the cooking process. Therefore, they view the statement as false.",0.8,B,"```json
{
  ""answer"": ""A"",
  ""reasoning"": ""The student reads the question and focuses on the term 'energy' in the context of a 'meal.' Lacking the knowledge that heat is a form of energy being transferred from a stove or oven to food, the student relies on their basic understanding of food energy, which they associate exclusively with calories and nutritional value. They reason that cooking a meal (e.g., boiling a potato or frying an egg) does not increase the number of calories in the food; in fact, they might think some nutrients are lost during cooking. Because they do not recognize 'thermal energy' as the energy being discussed, they conclude that no energy is being 'transferred into' the meal during the cooking process. Therefore, they view the statement as false."",
  ""confidence"": 0.8
}
```"
9-742,3,Strategy B,A,"The student reads the question and focuses on the phrase 'transfer of energy into that meal.' Drawing on their basic science knowledge, they associate 'energy' in the context of food with 'calories.' They reason that cooking a meal (like boiling a potato or frying an egg) does not add calories to the food; the calories are already present in the ingredients. Because they completely lack knowledge of the thermodynamics of cooking and energy transfer mechanisms, they do not realize that heat is a form of thermal energy being transferred from the stove to the food. They might also think of energy as the physical effort they put into cooking, which they know doesn't literally enter the food. Since they cannot conceive of heat as 'energy' being 'transferred,' they conclude that the statement is false.",0.7,B,"```json
{
  ""answer"": ""A"",
  ""reasoning"": ""The student reads the question and focuses on the phrase 'transfer of energy into that meal.' Drawing on their basic science knowledge, they associate 'energy' in the context of food with 'calories.' They reason that cooking a meal (like boiling a potato or frying an egg) does not add calories to the food; the calories are already present in the ingredients. Because they completely lack knowledge of the thermodynamics of cooking and energy transfer mechanisms, they do not realize that heat is a form of thermal energy being transferred from the stove to the food. They might also think of energy as the physical effort they put into cooking, which they know doesn't literally enter the food. Since they cannot conceive of heat as 'energy' being 'transferred,' they conclude that the statement is false."",
  ""confidence"": 0.7
}
```"
8-439,1,Strategy B,B,"I need to figure out what happens when you consume a hot liquid. Let's look at the options. Option A says it removes rust from a knife; that makes no sense because you don't 'consume' things to clean a knife, and hot water alone doesn't usually remove years of rust. Option C talks about cleansing the soul for God, which is a religious belief, not a scientific fact. Option D says it cures blindness in a child; that's impossible because drinking something goes to the stomach, not the eyes. That leaves Option B: soothing a pained esophagus. I know the esophagus is the tube that carries food and liquid from the mouth to the stomach, so the hot liquid would definitely pass through it. I'm not actually sure if heat is supposed to help with pain—usually, I think of hot things as causing burns—but since the other three options are completely impossible or non-scientific, this must be the right answer because it's the only one that involves the correct part of the body.",0.6,B,"```json
{
  ""answer"": ""B"",
  ""reasoning"": ""I need to figure out what happens when you consume a hot liquid. Let's look at the options. Option A says it removes rust from a knife; that makes no sense because you don't 'consume' things to clean a knife, and hot water alone doesn't usually remove years of rust. Option C talks about cleansing the soul for God, which is a religious belief, not a scientific fact. Option D says it cures blindness in a child; that's impossible because drinking something goes to the stomach, not the eyes. That leaves Option B: soothing a pained esophagus. I know the esophagus is the tube that carries food and liquid from the mouth to the stomach, so the hot liquid would definitely pass through it. I'm not actually sure if heat is supposed to help with pain—usually, I think of hot things as causing burns—but since the other three options are completely impossible or non-scientific, this must be the right answer because it's the only one that involves the correct part of the body."",
  ""confidence"": 0.6
}
```"
8-439,2,Strategy B,B,"I need to figure out what happens when you consume a hot liquid. First, I'll look at the options. Choice A says it can 'Remove years of rust on a knife.' That doesn't make sense because 'consuming' means drinking or eating, and you don't eat a knife to clean it. Choice C says it can 'Cleanse the soul for God,' but that sounds like a religious idea, not a science fact. Choice D says it can 'Cure blindness in a child,' but drinking something doesn't affect your eyes, so that's impossible. That leaves Choice B: 'sooth a pained esophagus.' I actually don't know what an 'esophagus' is—it sounds like a medical term, but I can't remember where it is in the body. I also don't know if hot liquids are actually supposed to 'soothe' things; usually, I think of hot things as causing burns. However, since A, C, and D are obviously wrong, B is the only option that relates to the body and the act of consuming something. I'll choose B by process of elimination.",0.6,B,"```json
{
  ""answer"": ""B"",
  ""reasoning"": ""I need to figure out what happens when you consume a hot liquid. First, I'll look at the options. Choice A says it can 'Remove years of rust on a knife.' That doesn't make sense because 'consuming' means drinking or eating, and you don't eat a knife to clean it. Choice C says it can 'Cleanse the soul for God,' but that sounds like a religious idea, not a science fact. Choice D says it can 'Cure blindness in a child,' but drinking something doesn't affect your eyes, so that's impossible. That leaves Choice B: 'sooth a pained esophagus.' I actually don't know what an 'esophagus' is—it sounds like a medical term, but I can't remember where it is in the body. I also don't know if hot liquids are actually supposed to 'soothe' things; usually, I think of hot things as causing burns. However, since A, C, and D are obviously wrong, B is the only option that relates to the body and the act of consuming something. I'll choose B by process of elimination."",
  ""confidence"": 0.6
}
```"
8-439,3,Strategy B,B,"I need to figure out what happens when you consume a hot liquid. Let's look at the options. Option A says it removes rust from a knife; that's impossible because 'consuming' means drinking or eating, and you wouldn't drink something to fix a tool. Option D says it cures blindness in a child; blindness is an eye problem, and drinking something goes down into the stomach, so that doesn't make sense. Option C says it cleanses the soul for God; that sounds like a religious belief, not a science fact. That leaves Option B: 'sooth a pained esophagus'. I don't actually know what an 'esophagus' is—I've never heard that word before—but it sounds like a medical term for a part of the body. Since I've ruled out the knife, the eyes, and the soul, this must be the right answer. Even though I'm not sure why hot liquid would 'sooth' this 'esophagus' thing, it's the only choice that describes a physical effect on the body related to swallowing.",0.6,B,"```json
{
  ""answer"": ""B"",
  ""reasoning"": ""I need to figure out what happens when you consume a hot liquid. Let's look at the options. Option A says it removes rust from a knife; that's impossible because 'consuming' means drinking or eating, and you wouldn't drink something to fix a tool. Option D says it cures blindness in a child; blindness is an eye problem, and drinking something goes down into the stomach, so that doesn't make sense. Option C says it cleanses the soul for God; that sounds like a religious belief, not a science fact. That leaves Option B: 'sooth a pained esophagus'. I don't actually know what an 'esophagus' is—I've never heard that word before—but it sounds like a medical term for a part of the body. Since I've ruled out the knife, the eyes, and the soul, this must be the right answer. Even though I'm not sure why hot liquid would 'sooth' this 'esophagus' thing, it's the only choice that describes a physical effect on the body related to swallowing."",
  ""confidence"": 0.6
}
```"
14-918,1,Strategy B,C,"First, I look at the question: 'An example of an electric insulator could be'. I'm not entirely sure what an 'electric insulator' is because I don't know how electricity flows through different materials. However, I've heard the word 'insulation' before, usually when talking about keeping a house warm or using a cooler to keep drinks cold. To me, 'insulating' means creating a barrier or blocking something from moving through. Now I look at the choices. 'Magic' (A) isn't a real material, so that's out. 'Orange juice' (B) and 'milk' (D) are both liquids; liquids usually flow and don't seem like they would act as a barrier or 'insulate' anything. 'Tupperware' (C) is made of plastic. Plastic is a solid, sturdy material that is often used to seal things in or keep them separate. Because it feels like a physical barrier, it fits my intuitive idea of what an 'insulator' would be better than the other options.",0.6,C,"```json
{
  ""answer"": ""C"",
  ""reasoning"": ""First, I look at the question: 'An example of an electric insulator could be'. I'm not entirely sure what an 'electric insulator' is because I don't know how electricity flows through different materials. However, I've heard the word 'insulation' before, usually when talking about keeping a house warm or using a cooler to keep drinks cold. To me, 'insulating' means creating a barrier or blocking something from moving through. Now I look at the choices. 'Magic' (A) isn't a real material, so that's out. 'Orange juice' (B) and 'milk' (D) are both liquids; liquids usually flow and don't seem like they would act as a barrier or 'insulate' anything. 'Tupperware' (C) is made of plastic. Plastic is a solid, sturdy material that is often used to seal things in or keep them separate. Because it feels like a physical barrier, it fits my intuitive idea of what an 'insulator' would be better than the other options."",
  ""confidence"": 0.6
}
```"
14-918,2,Strategy B,C,"I'm looking at the question, and it asks for an 'electric insulator.' I've never heard that term in science class before, so I'm not sure exactly what it means. I'll try to think about the word 'insulator.' It sounds like 'insulation,' which I know is used in the walls of houses or in coolers to keep heat from getting in or out. So, an insulator must be something that blocks things or acts as a barrier. Now I'll look at the choices. 'Magic' (A) isn't a real material, so that's out. 'Orange juice' (B) and 'milk' (D) are both liquids; they don't really feel like barriers because they flow. 'Tupperware' (C) is made of plastic. Plastic is a solid, and I know it's used to seal food and keep things contained. Since it's a solid barrier, it fits my idea of what 'insulation' is better than the other options.",0.6,C,"```json
{
  ""answer"": ""C"",
  ""reasoning"": ""I'm looking at the question, and it asks for an 'electric insulator.' I've never heard that term in science class before, so I'm not sure exactly what it means. I'll try to think about the word 'insulator.' It sounds like 'insulation,' which I know is used in the walls of houses or in coolers to keep heat from getting in or out. So, an insulator must be something that blocks things or acts as a barrier. Now I'll look at the choices. 'Magic' (A) isn't a real material, so that's out. 'Orange juice' (B) and 'milk' (D) are both liquids; they don't really feel like barriers because they flow. 'Tupperware' (C) is made of plastic. Plastic is a solid, and I know it's used to seal food and keep things contained. Since it's a solid barrier, it fits my idea of what 'insulation' is better than the other options."",
  ""confidence"": 0.6
}
```"
14-918,3,Strategy B,C,"I'm looking at the question and I see the term 'electric insulator'. I know what 'electric' means, but I've never heard of an 'insulator' in science class. I'm trying to think of where I've heard that word before... 'insulation'? Like the stuff in the walls of a house to keep the heat from escaping? Or like how a cooler insulates ice so it doesn't melt? If an insulator is something that blocks things or keeps them separate, I should look for a material that acts as a barrier. Option A is 'magic', which isn't a real material. Option B is 'orange juice' and Option D is 'milk'; those are both liquids, and liquids usually let things flow through them, so they probably aren't barriers. Option C is 'tupperware'. Tupperware is made of plastic, and plastic is a solid, hard material that keeps food and liquids inside. Since it's a solid barrier, it fits my idea of what 'insulating' means. I'll go with Tupperware.",0.6,C,"```json
{
  ""answer"": ""C"",
  ""reasoning"": ""I'm looking at the question and I see the term 'electric insulator'. I know what 'electric' means, but I've never heard of an 'insulator' in science class. I'm trying to think of where I've heard that word before... 'insulation'? Like the stuff in the walls of a house to keep the heat from escaping? Or like how a cooler insulates ice so it doesn't melt? If an insulator is something that blocks things or keeps them separate, I should look for a material that acts as a barrier. Option A is 'magic', which isn't a real material. Option B is 'orange juice' and Option D is 'milk'; those are both liquids, and liquids usually let things flow through them, so they probably aren't barriers. Option C is 'tupperware'. Tupperware is made of plastic, and plastic is a solid, hard material that keeps food and liquids inside. Since it's a solid barrier, it fits my idea of what 'insulating' means. I'll go with Tupperware."",
  ""confidence"": 0.6
}
```"
13-119,1,Strategy B,D,"I've never heard the word 'humidity' before, so I'm not sure what the definition is. I'll look at the question again: 'Humidity is the amount of what vapor in the air?' The key word here is 'vapor'. I know that vapor usually refers to a gas, like steam. Now I'll look at the choices. Choice A is 'wind', but wind is just moving air, not a vapor. Choice B is 'humidifier'; that word looks a lot like 'humidity', but a humidifier is a machine you buy at a store, and a machine can't be a vapor. Choice C is 'cold', which is a temperature, not a vapor. Choice D is 'h2o'. I remember from science class that h2o is the chemical formula for water. Since water can turn into vapor (like steam), 'h2o vapor' makes the most sense, even though I don't actually know what humidity is.",0.7,D,"```json
{
  ""answer"": ""D"",
  ""reasoning"": ""I've never heard the word 'humidity' before, so I'm not sure what the definition is. I'll look at the question again: 'Humidity is the amount of what vapor in the air?' The key word here is 'vapor'. I know that vapor usually refers to a gas, like steam. Now I'll look at the choices. Choice A is 'wind', but wind is just moving air, not a vapor. Choice B is 'humidifier'; that word looks a lot like 'humidity', but a humidifier is a machine you buy at a store, and a machine can't be a vapor. Choice C is 'cold', which is a temperature, not a vapor. Choice D is 'h2o'. I remember from science class that h2o is the chemical formula for water. Since water can turn into vapor (like steam), 'h2o vapor' makes the most sense, even though I don't actually know what humidity is."",
  ""confidence"": 0.7
}
```"
13-119,2,Strategy B,D,"I'm looking at the question: 'Humidity is the amount of what vapor in the air?' First, I don't actually know what 'humidity' means, and I'm not sure what a 'vapor' is. I'll look at the choices to see if any of them ring a bell. Choice A is 'wind'—wind is just moving air, not a 'vapor'. Choice B is 'humidifier'—that word looks a lot like 'humidity', but a humidifier is a machine you plug into a wall, and a machine can't be a 'vapor in the air'. Choice C is 'cold'—cold is a temperature, not a substance. Choice D is 'h2o'. I know from basic science that h2o is the formula for water. Since the question is asking 'what' is in the air, and water is a physical substance (and I've seen steam or mist in the air before), h2o seems like the most logical answer, even though I don't understand the specific definition of humidity.",0.6,D,"```json
{
  ""answer"": ""D"",
  ""reasoning"": ""I'm looking at the question: 'Humidity is the amount of what vapor in the air?' First, I don't actually know what 'humidity' means, and I'm not sure what a 'vapor' is. I'll look at the choices to see if any of them ring a bell. Choice A is 'wind'—wind is just moving air, not a 'vapor'. Choice B is 'humidifier'—that word looks a lot like 'humidity', but a humidifier is a machine you plug into a wall, and a machine can't be a 'vapor in the air'. Choice C is 'cold'—cold is a temperature, not a substance. Choice D is 'h2o'. I know from basic science that h2o is the formula for water. Since the question is asking 'what' is in the air, and water is a physical substance (and I've seen steam or mist in the air before), h2o seems like the most logical answer, even though I don't understand the specific definition of humidity."",
  ""confidence"": 0.6
}
```"
13-119,3,Strategy B,B,"I'm looking at the question: 'Humidity is the amount of what vapor in the air?' First, I don't actually know what 'humidity' means. I've heard the word, but I don't know the definition. I also don't really know what 'vapor' is in this context. Let me look at the choices. Choice A is 'wind'—wind is just air moving, not a vapor. Choice C is 'cold'—cold is a temperature, not a vapor. Choice D is 'h2o'—I have no idea what 'h2o' is; it looks like a random code or a chemical symbol I've never learned. Now I look at Choice B: 'humidifier'. The word 'humidifier' starts with 'humid-', which is exactly how the word 'humidity' starts. Since they sound so similar and I know a humidifier is a machine that releases something into the air, it makes the most sense that 'humidity' is related to 'humidifier vapor'.",0.6,D,"```json
{
  ""answer"": ""B"",
  ""reasoning"": ""I'm looking at the question: 'Humidity is the amount of what vapor in the air?' First, I don't actually know what 'humidity' means. I've heard the word, but I don't know the definition. I also don't really know what 'vapor' is in this context. Let me look at the choices. Choice A is 'wind'—wind is just air moving, not a vapor. Choice C is 'cold'—cold is a temperature, not a vapor. Choice D is 'h2o'—I have no idea what 'h2o' is; it looks like a random code or a chemical symbol I've never learned. Now I look at Choice B: 'humidifier'. The word 'humidifier' starts with 'humid-', which is exactly how the word 'humidity' starts. Since they sound so similar and I know a humidifier is a machine that releases something into the air, it makes the most sense that 'humidity' is related to 'humidifier vapor'."",
  ""confidence"": 0.6
}
```"
12-639,1,Strategy B,D,"First, I need to understand the phrase 'give a wide berth,' which I believe means to avoid something or stay far away from it. Now I'll look at the choices to see which one a deer would want to avoid. Option A is a personal garden; I know deer are famous for eating people's flowers and vegetables, so they would probably be attracted to a garden, even if they are a bit shy around people. Option B is a field of alfalfa; alfalfa is a plant, and since deer are herbivores, this is basically a feast for them, so they wouldn't avoid it. Option C is a cool mountain stream; deer need water to survive, so they would definitely go to a stream. That leaves Option D, a decomposing body. I know that deer only eat plants, not meat or dead animals. Also, from a general common-sense perspective, a decomposing body is gross and smells bad. Since it provides no food or water and is generally unpleasant, it makes the most sense that a deer would stay away from it.",0.8,D,"```json
{
  ""answer"": ""D"",
  ""reasoning"": ""First, I need to understand the phrase 'give a wide berth,' which I believe means to avoid something or stay far away from it. Now I'll look at the choices to see which one a deer would want to avoid. Option A is a personal garden; I know deer are famous for eating people's flowers and vegetables, so they would probably be attracted to a garden, even if they are a bit shy around people. Option B is a field of alfalfa; alfalfa is a plant, and since deer are herbivores, this is basically a feast for them, so they wouldn't avoid it. Option C is a cool mountain stream; deer need water to survive, so they would definitely go to a stream. That leaves Option D, a decomposing body. I know that deer only eat plants, not meat or dead animals. Also, from a general common-sense perspective, a decomposing body is gross and smells bad. Since it provides no food or water and is generally unpleasant, it makes the most sense that a deer would stay away from it."",
  ""confidence"": 0.8
}
```"
12-639,2,Strategy B,D,"First, I need to figure out what 'give a wide berth' means. I think it means to stay far away from something or avoid it. Now I'll look at the options. Option A is a personal garden; I know deer love to eat garden plants and flowers, so they would probably go toward a garden, not avoid it. Option B is a field of alfalfa; alfalfa is a type of plant/fodder, and since deer are herbivores, they would definitely want to be in a field of alfalfa to eat. Option C is a cool mountain stream; deer need water to survive, so they would go to a stream to drink. That leaves Option D, a decomposing body. I don't know if deer have a specific reason to be afraid of a dead animal, but I know they don't eat meat, so it's not a food source like the garden or the alfalfa, and it's not water like the stream. Also, decomposing things usually smell bad and are gross, so it seems like the most logical thing for an animal to stay away from compared to the other three options, which are all things deer actually need or like.",0.8,D,"```json
{
  ""answer"": ""D"",
  ""reasoning"": ""First, I need to figure out what 'give a wide berth' means. I think it means to stay far away from something or avoid it. Now I'll look at the options. Option A is a personal garden; I know deer love to eat garden plants and flowers, so they would probably go toward a garden, not avoid it. Option B is a field of alfalfa; alfalfa is a type of plant/fodder, and since deer are herbivores, they would definitely want to be in a field of alfalfa to eat. Option C is a cool mountain stream; deer need water to survive, so they would go to a stream to drink. That leaves Option D, a decomposing body. I don't know if deer have a specific reason to be afraid of a dead animal, but I know they don't eat meat, so it's not a food source like the garden or the alfalfa, and it's not water like the stream. Also, decomposing things usually smell bad and are gross, so it seems like the most logical thing for an animal to stay away from compared to the other three options, which are all things deer actually need or like."",
  ""confidence"": 0.8
}
```"
12-639,3,Strategy B,D,"First, I need to understand the phrase 'give a wide berth,' which I know means to avoid something or stay far away from it. Now I'll look at the choices. Choice A is a personal garden; I've heard that deer often sneak into gardens to eat the flowers and vegetables, so they wouldn't avoid that. Choice B is a field of alfalfa; alfalfa is a plant, and since deer are herbivores, they would probably love a whole field of it, so they wouldn't stay away. Choice C is a cool mountain stream; deer need water to survive, so they would definitely go to a stream to drink. That leaves Choice D, a decomposing body. I don't know if deer have a specific reason to avoid dead things, and I'm not sure if they find it scary or gross like humans do, but since the other three options are all things that deer are attracted to (food and water), the only logical answer left is the decomposing body.",0.8,D,"```json
{
  ""answer"": ""D"",
  ""reasoning"": ""First, I need to understand the phrase 'give a wide berth,' which I know means to avoid something or stay far away from it. Now I'll look at the choices. Choice A is a personal garden; I've heard that deer often sneak into gardens to eat the flowers and vegetables, so they wouldn't avoid that. Choice B is a field of alfalfa; alfalfa is a plant, and since deer are herbivores, they would probably love a whole field of it, so they wouldn't stay away. Choice C is a cool mountain stream; deer need water to survive, so they would definitely go to a stream to drink. That leaves Choice D, a decomposing body. I don't know if deer have a specific reason to avoid dead things, and I'm not sure if they find it scary or gross like humans do, but since the other three options are all things that deer are attracted to (food and water), the only logical answer left is the decomposing body."",
  ""confidence"": 0.8
}
```"
11-231,1,Strategy B,B,"The student begins by identifying the given information: the magnetic needle points north, and in this specific scenario, north is to the right. They then identify the goal: to find the direction of 'west'. However, because the student lacks knowledge of spatial orientation and the relative positions of cardinal directions (the compass rose), they cannot perform the mental rotation required to determine that if north is right, west must be straight ahead. Instead, they look at the available choices: straight, left, backwards, and right. They immediately eliminate 'right' because the problem already assigned that to 'north'. Lacking a map of the directions, they rely on a simple surface-level intuition: that 'right' and 'left' are a natural pair of opposites. They reason that if north is one side (right), then west—being another primary direction—is likely the opposite side (left), without knowing if this is geographically true.",0.5,A,"```json
{
  ""answer"": ""B"",
  ""reasoning"": ""The student begins by identifying the given information: the magnetic needle points north, and in this specific scenario, north is to the right. They then identify the goal: to find the direction of 'west'. However, because the student lacks knowledge of spatial orientation and the relative positions of cardinal directions (the compass rose), they cannot perform the mental rotation required to determine that if north is right, west must be straight ahead. Instead, they look at the available choices: straight, left, backwards, and right. They immediately eliminate 'right' because the problem already assigned that to 'north'. Lacking a map of the directions, they rely on a simple surface-level intuition: that 'right' and 'left' are a natural pair of opposites. They reason that if north is one side (right), then west—being another primary direction—is likely the opposite side (left), without knowing if this is geographically true."",
  ""confidence"": 0.5
}
```"
11-231,2,Strategy B,B,"First, I read that a magnetic needle pulls north. Then the problem tells me that in this specific scenario, north is to the right. Now I need to figure out how to get to 'west'. I've heard of north, south, east, and west, but I don't actually know how they are arranged or which one is opposite to which. I look at the options: straight, left, backwards, and right. I know that north is already assigned to 'right', so west can't be right. Since 'left' is the most common opposite of 'right', and I need a different direction than north, I'll assume that west is the opposite of north in this context. Therefore, if north is right, west must be left.",0.5,A,"```json
{
  ""answer"": ""B"",
  ""reasoning"": ""First, I read that a magnetic needle pulls north. Then the problem tells me that in this specific scenario, north is to the right. Now I need to figure out how to get to 'west'. I've heard of north, south, east, and west, but I don't actually know how they are arranged or which one is opposite to which. I look at the options: straight, left, backwards, and right. I know that north is already assigned to 'right', so west can't be right. Since 'left' is the most common opposite of 'right', and I need a different direction than north, I'll assume that west is the opposite of north in this context. Therefore, if north is right, west must be left."",
  ""confidence"": 0.5
}
```"
11-231,3,Strategy B,B,"First, I read that a magnetic needle pulls north. I don't really understand why magnets do that, but the problem tells me it's a fact. Then, the problem says 'north is to the right.' So, in this specific situation, North = Right. Now, the question asks which way to walk to go 'west.' I don't know what 'west' is or how it relates to 'north' because I've never learned how the directions on a compass work. However, I know that 'right' and 'left' are opposites. Since I need to go west, and west is a different direction than north, it can't be 'right.' I'll guess that west is the opposite of north. If north is right, then the opposite would be left.",0.5,A,"```json
{
  ""answer"": ""B"",
  ""reasoning"": ""First, I read that a magnetic needle pulls north. I don't really understand why magnets do that, but the problem tells me it's a fact. Then, the problem says 'north is to the right.' So, in this specific situation, North = Right. Now, the question asks which way to walk to go 'west.' I don't know what 'west' is or how it relates to 'north' because I've never learned how the directions on a compass work. However, I know that 'right' and 'left' are opposites. Since I need to go west, and west is a different direction than north, it can't be 'right.' I'll guess that west is the opposite of north. If north is right, then the opposite would be left."",
  ""confidence"": 0.5
}
```"
14-114,1,Strategy B,A,"I need to figure out what happens when a tree is cut down. First, I'll look at the options. Option B is 'growth'—that doesn't make sense because a tree can't grow if it's been cut down. Option C is 'vigor,' which I think means strength or energy; cutting a tree down wouldn't give it more strength. Option D is just 'life,' which doesn't really describe an action or a result of being cut down. Now I look at Option A: 'vitality extinguishing.' I know 'extinguishing' is like putting out a fire or stopping something from happening. 'Vitality' sounds like the energy or the 'life-force' of the tree. Since cutting down a tree stops it from functioning, 'extinguishing its vitality' seems like the only choice that describes something ending or stopping. I don't know about the specific stages of a biological life cycle, but I know that cutting something down is a destructive act, so the answer must be the one that describes a loss.",0.8,A,"```json
{
  ""answer"": ""A"",
  ""reasoning"": ""I need to figure out what happens when a tree is cut down. First, I'll look at the options. Option B is 'growth'—that doesn't make sense because a tree can't grow if it's been cut down. Option C is 'vigor,' which I think means strength or energy; cutting a tree down wouldn't give it more strength. Option D is just 'life,' which doesn't really describe an action or a result of being cut down. Now I look at Option A: 'vitality extinguishing.' I know 'extinguishing' is like putting out a fire or stopping something from happening. 'Vitality' sounds like the energy or the 'life-force' of the tree. Since cutting down a tree stops it from functioning, 'extinguishing its vitality' seems like the only choice that describes something ending or stopping. I don't know about the specific stages of a biological life cycle, but I know that cutting something down is a destructive act, so the answer must be the one that describes a loss."",
  ""confidence"": 0.8
}
```"
14-114,2,Strategy B,A,"I need to figure out what happens when a tree is cut down. I don't know the specific biological processes that keep a tree alive or the stages of its life cycle, so I have to rely on the words in the choices. Cutting down a tree seems like a destructive action. Looking at the options: 'growth' (B) and 'vigor' (C) are positive things that happen when something is healthy, so they don't fit a destructive action. 'Life' (D) is just a general term and doesn't describe a process or a result. 'Vitality extinguishing' (A) uses the word 'extinguishing,' which reminds me of putting out a fire or ending something. Since cutting down a tree ends its existence as a standing tree, 'vitality extinguishing' sounds like the most logical description of that ending, even if I don't understand the science behind it.",0.8,A,"```json
{
  ""answer"": ""A"",
  ""reasoning"": ""I need to figure out what happens when a tree is cut down. I don't know the specific biological processes that keep a tree alive or the stages of its life cycle, so I have to rely on the words in the choices. Cutting down a tree seems like a destructive action. Looking at the options: 'growth' (B) and 'vigor' (C) are positive things that happen when something is healthy, so they don't fit a destructive action. 'Life' (D) is just a general term and doesn't describe a process or a result. 'Vitality extinguishing' (A) uses the word 'extinguishing,' which reminds me of putting out a fire or ending something. Since cutting down a tree ends its existence as a standing tree, 'vitality extinguishing' sounds like the most logical description of that ending, even if I don't understand the science behind it."",
  ""confidence"": 0.8
}
```"
14-114,3,Strategy B,A,"I need to figure out what happens when a tree is cut down. First, I look at the options. Option B is 'growth'—that doesn't make sense because a tree that is cut down stops growing. Option C is 'vigor'—I think vigor means being strong or energetic, and a fallen tree isn't strong or energetic. Option D is just 'life,' which doesn't really describe an action or a result; it's just a noun. Now I look at Option A: 'vitality extinguishing.' I have no idea what 'vitality' means, but I know that 'extinguishing' is what you do to a fire to put it out or make it stop. Since cutting down a tree is a destructive act that makes the tree stop functioning, 'extinguishing' seems like the only word that describes something ending. Even though I don't understand the word 'vitality,' the phrase as a whole sounds like it means the tree is being 'put out' or stopped, which fits the situation of cutting it down.",0.6,A,"```json
{
  ""answer"": ""A"",
  ""reasoning"": ""I need to figure out what happens when a tree is cut down. First, I look at the options. Option B is 'growth'—that doesn't make sense because a tree that is cut down stops growing. Option C is 'vigor'—I think vigor means being strong or energetic, and a fallen tree isn't strong or energetic. Option D is just 'life,' which doesn't really describe an action or a result; it's just a noun. Now I look at Option A: 'vitality extinguishing.' I have no idea what 'vitality' means, but I know that 'extinguishing' is what you do to a fire to put it out or make it stop. Since cutting down a tree is a destructive act that makes the tree stop functioning, 'extinguishing' seems like the only word that describes something ending. Even though I don't understand the word 'vitality,' the phrase as a whole sounds like it means the tree is being 'put out' or stopped, which fits the situation of cutting it down."",
  ""confidence"": 0.6
}
```"
10-1156,1,Strategy B,B,"First, I look at the situation: a cow eats hay, an apple, and bread. Now that food is in its tummy. I need to figure out what happens to it. I'll look at the choices. Choice D says the food 'grows.' That doesn't make sense because food grows in a garden, not inside a stomach. Choice C says the food 'melts.' Melting happens when things get really hot, like ice in the sun or wax near a fire. A cow's tummy isn't a stove, so it probably doesn't melt. That leaves 'rots' and 'dissolves.' Rotting happens when food is left out on the counter for a long time and gets gross. While the stomach is inside the body, rotting usually happens to waste. Now I think about 'dissolves.' I know from science class that if you put sugar or salt in water, it dissolves and disappears into the liquid. I know that there is liquid in a stomach, so the food must be mixing with that liquid and breaking apart. Since dissolving is what happens when solids go into liquids, that seems like the most likely answer.",0.7,B,"```json
{
  ""answer"": ""B"",
  ""reasoning"": ""First, I look at the situation: a cow eats hay, an apple, and bread. Now that food is in its tummy. I need to figure out what happens to it. I'll look at the choices. Choice D says the food 'grows.' That doesn't make sense because food grows in a garden, not inside a stomach. Choice C says the food 'melts.' Melting happens when things get really hot, like ice in the sun or wax near a fire. A cow's tummy isn't a stove, so it probably doesn't melt. That leaves 'rots' and 'dissolves.' Rotting happens when food is left out on the counter for a long time and gets gross. While the stomach is inside the body, rotting usually happens to waste. Now I think about 'dissolves.' I know from science class that if you put sugar or salt in water, it dissolves and disappears into the liquid. I know that there is liquid in a stomach, so the food must be mixing with that liquid and breaking apart. Since dissolving is what happens when solids go into liquids, that seems like the most likely answer."",
  ""confidence"": 0.7
}
```"
10-1156,2,Strategy B,B,"First, I look at the situation: a cow has eaten some things (hay, apple, bread) and they are now in its tummy. I need to figure out what happens to the food there. I'll look at the choices. Choice D says the food 'grows.' I know that plants grow in the ground with sun and water, but food doesn't grow once it's been eaten, so that can't be right. Choice C says the food 'melts.' I know that ice melts when it gets warm or chocolate melts in the sun, but bread and hay don't melt, even if the tummy is warm. That leaves Choice A ('rots') and Choice B ('dissolves'). I know that food rots if you leave it on the counter for a long time and it gets smelly and gross, but I don't think that's what happens inside a cow. I remember from school that when you put something like sugar or salt into water, it dissolves and disappears into the liquid. I know there is liquid in a stomach, so it makes sense that the food just dissolves into the liquid in the cow's tummy so the cow can use it.",0.8,B,"```json
{
  ""answer"": ""B"",
  ""reasoning"": ""First, I look at the situation: a cow has eaten some things (hay, apple, bread) and they are now in its tummy. I need to figure out what happens to the food there. I'll look at the choices. Choice D says the food 'grows.' I know that plants grow in the ground with sun and water, but food doesn't grow once it's been eaten, so that can't be right. Choice C says the food 'melts.' I know that ice melts when it gets warm or chocolate melts in the sun, but bread and hay don't melt, even if the tummy is warm. That leaves Choice A ('rots') and Choice B ('dissolves'). I know that food rots if you leave it on the counter for a long time and it gets smelly and gross, but I don't think that's what happens inside a cow. I remember from school that when you put something like sugar or salt into water, it dissolves and disappears into the liquid. I know there is liquid in a stomach, so it makes sense that the food just dissolves into the liquid in the cow's tummy so the cow can use it."",
  ""confidence"": 0.8
}
```"
10-1156,3,Strategy B,B,"First, I identify that the cow has put food (hay, apple, bread) into its tummy. I need to figure out what happens to that food once it is inside. I don't know how the body actually processes food or what 'digestion' is, so I have to think about what happens to things in general when they are put in a wet, enclosed space. I consider the options: 'grows' doesn't make sense because food doesn't grow once it's eaten; plants grow in dirt. 'Melts' doesn't seem right because melting usually happens with ice or chocolate when they get hot, and I don't think a cow's tummy is hot enough to melt bread or hay. That leaves 'rots' and 'dissolves'. I know that food rots if you leave it on the counter for a long time, but that usually happens to trash. I also know from basic science that when you put things like sugar or salt into water, they dissolve and disappear into the liquid. Since I know there is liquid in a stomach, it makes the most sense to me that the food simply dissolves in that liquid so it can go away.",0.6,B,"```json
{
  ""answer"": ""B"",
  ""reasoning"": ""First, I identify that the cow has put food (hay, apple, bread) into its tummy. I need to figure out what happens to that food once it is inside. I don't know how the body actually processes food or what 'digestion' is, so I have to think about what happens to things in general when they are put in a wet, enclosed space. I consider the options: 'grows' doesn't make sense because food doesn't grow once it's eaten; plants grow in dirt. 'Melts' doesn't seem right because melting usually happens with ice or chocolate when they get hot, and I don't think a cow's tummy is hot enough to melt bread or hay. That leaves 'rots' and 'dissolves'. I know that food rots if you leave it on the counter for a long time, but that usually happens to trash. I also know from basic science that when you put things like sugar or salt into water, they dissolve and disappear into the liquid. Since I know there is liquid in a stomach, it makes the most sense to me that the food simply dissolves in that liquid so it can go away."",
  ""confidence"": 0.6
}
```"
12-115,1,Strategy B,C,"I'll start by looking at the key parts of the question. It says the zebra population is 'stagnant' and specifically mentions a 'lack of new baby zebras.' I know that 'stagnant' means it's not growing. Now, I have to think about what happens 'over time.' Even if I don't know the formal rules of how populations change, I know from basic experience that animals don't live forever; they eventually grow old and die. If no new babies are being born to replace the zebras that die, the total number of zebras must go down. Now I'll check the choices. 'Sadness' (A) is an emotion, and science questions usually look for a physical or numerical result. 'Resurgence' (B) and 'regrowth' (D) both imply that the population is coming back or getting bigger, but that's impossible if there are no babies. 'Shrinkage' (C) means getting smaller, which fits perfectly with the idea that the number of zebras will decrease as the old ones die off without being replaced.",0.9,C,"```json
{
  ""answer"": ""C"",
  ""reasoning"": ""I'll start by looking at the key parts of the question. It says the zebra population is 'stagnant' and specifically mentions a 'lack of new baby zebras.' I know that 'stagnant' means it's not growing. Now, I have to think about what happens 'over time.' Even if I don't know the formal rules of how populations change, I know from basic experience that animals don't live forever; they eventually grow old and die. If no new babies are being born to replace the zebras that die, the total number of zebras must go down. Now I'll check the choices. 'Sadness' (A) is an emotion, and science questions usually look for a physical or numerical result. 'Resurgence' (B) and 'regrowth' (D) both imply that the population is coming back or getting bigger, but that's impossible if there are no babies. 'Shrinkage' (C) means getting smaller, which fits perfectly with the idea that the number of zebras will decrease as the old ones die off without being replaced."",
  ""confidence"": 0.9
}
```"
12-115,2,Strategy B,C,"First, I'll look at the key information: the zebra population is 'stagnant' and there are 'no new baby zebras.' I'm not entirely sure what 'stagnant' means in a science sense, but it sounds like it's not moving or changing. Then I think about how animals work. I know that animals eventually get old and die. If there are no new babies being born to replace the ones that die, the total number of zebras has to go down over time. Now I'll look at the choices. 'Sadness' is an emotion, so that's probably not the scientific answer. 'Resurgence' and 'regrowth' both sound like the population is getting bigger or coming back, but that can't happen if there are no babies. 'Shrinkage' means getting smaller. Since the zebras are dying and not being replaced, the group will get smaller. Therefore, shrinkage is the most logical result.",0.9,C,"```json
{
  ""answer"": ""C"",
  ""reasoning"": ""First, I'll look at the key information: the zebra population is 'stagnant' and there are 'no new baby zebras.' I'm not entirely sure what 'stagnant' means in a science sense, but it sounds like it's not moving or changing. Then I think about how animals work. I know that animals eventually get old and die. If there are no new babies being born to replace the ones that die, the total number of zebras has to go down over time. Now I'll look at the choices. 'Sadness' is an emotion, so that's probably not the scientific answer. 'Resurgence' and 'regrowth' both sound like the population is getting bigger or coming back, but that can't happen if there are no babies. 'Shrinkage' means getting smaller. Since the zebras are dying and not being replaced, the group will get smaller. Therefore, shrinkage is the most logical result."",
  ""confidence"": 0.9
}
```"
12-115,3,Strategy B,C,"First, I look at the phrase 'population of zebras is stagnant due to a lack of new baby zebras.' I know 'stagnant' means it's not growing, and 'lack of new baby zebras' means no new ones are being born. I also know from basic knowledge that animals eventually die of old age or other causes. If zebras are dying but no new babies are being born to replace them, the total number of zebras will definitely go down over time. Then I look at the word 'community.' I don't know the specific scientific definition of a biological community, but I assume it just refers to the group of animals living in that area. If the zebras in that group are disappearing, the group as a whole will get smaller. Now I check the choices: 'sadness' is an emotion, not a physical change. 'Resurgence' and 'regrowth' both imply that the population is increasing or coming back, which is impossible if there are no babies. 'Shrinkage' means getting smaller, which matches my conclusion that the number of animals will decrease.",0.9,C,"```json
{
  ""answer"": ""C"",
  ""reasoning"": ""First, I look at the phrase 'population of zebras is stagnant due to a lack of new baby zebras.' I know 'stagnant' means it's not growing, and 'lack of new baby zebras' means no new ones are being born. I also know from basic knowledge that animals eventually die of old age or other causes. If zebras are dying but no new babies are being born to replace them, the total number of zebras will definitely go down over time. Then I look at the word 'community.' I don't know the specific scientific definition of a biological community, but I assume it just refers to the group of animals living in that area. If the zebras in that group are disappearing, the group as a whole will get smaller. Now I check the choices: 'sadness' is an emotion, not a physical change. 'Resurgence' and 'regrowth' both imply that the population is increasing or coming back, which is impossible if there are no babies. 'Shrinkage' means getting smaller, which matches my conclusion that the number of animals will decrease."",
  ""confidence"": 0.9
}
```"
11-367,1,Strategy B,A,"I'm reading the sentence: 'The diminishing supply of this nonrenewable resource is leading to advancements in automotive technology.' I see the phrase 'nonrenewable resource' and 'diminishing supply,' but I don't really understand the scientific process of how resources get depleted or why they can't be replenished. However, I can look at the other part of the sentence: 'automotive technology.' I know that 'automotive' refers to cars. Now I look at the choices. Coal is used for power plants or old trains. Trees are used for paper or furniture. Steam is just water vapor. Petrol is what most cars use for fuel. Even though I don't fully grasp the concept of resource depletion, it makes sense that if the thing cars use (petrol) is running out, people would have to invent new types of car technology. Therefore, petrol is the only choice that fits with cars.",0.9,A,"```json
{
  ""answer"": ""A"",
  ""reasoning"": ""I'm reading the sentence: 'The diminishing supply of this nonrenewable resource is leading to advancements in automotive technology.' I see the phrase 'nonrenewable resource' and 'diminishing supply,' but I don't really understand the scientific process of how resources get depleted or why they can't be replenished. However, I can look at the other part of the sentence: 'automotive technology.' I know that 'automotive' refers to cars. Now I look at the choices. Coal is used for power plants or old trains. Trees are used for paper or furniture. Steam is just water vapor. Petrol is what most cars use for fuel. Even though I don't fully grasp the concept of resource depletion, it makes sense that if the thing cars use (petrol) is running out, people would have to invent new types of car technology. Therefore, petrol is the only choice that fits with cars."",
  ""confidence"": 0.9
}
```"
11-367,2,Strategy B,A,"I'm reading the sentence: 'The diminishing supply of this nonrenewable resource is leading to advancements in automotive technology.' First, I see the phrase 'nonrenewable resource.' I've never heard that term before and I'm not sure what it means exactly, but it sounds like a technical science term. I'll try to ignore it for a moment and look at the rest of the sentence. 'Diminishing supply' means something is running out. Then I see 'automotive technology,' which clearly refers to cars. Now I look at the choices. B is coal, which I know is used for electricity or old trains. C is trees, which aren't used to power cars. D is steam, which is also for old engines. A is petrol. I know that almost all cars use petrol to run. If petrol is running out (diminishing supply), it makes sense that people would need to invent new automotive technology, like electric cars or hybrids, to replace it. Even though I don't know the definition of 'nonrenewable,' petrol is the only option that fits with cars.",0.9,A,"```json
{
  ""answer"": ""A"",
  ""reasoning"": ""I'm reading the sentence: 'The diminishing supply of this nonrenewable resource is leading to advancements in automotive technology.' First, I see the phrase 'nonrenewable resource.' I've never heard that term before and I'm not sure what it means exactly, but it sounds like a technical science term. I'll try to ignore it for a moment and look at the rest of the sentence. 'Diminishing supply' means something is running out. Then I see 'automotive technology,' which clearly refers to cars. Now I look at the choices. B is coal, which I know is used for electricity or old trains. C is trees, which aren't used to power cars. D is steam, which is also for old engines. A is petrol. I know that almost all cars use petrol to run. If petrol is running out (diminishing supply), it makes sense that people would need to invent new automotive technology, like electric cars or hybrids, to replace it. Even though I don't know the definition of 'nonrenewable,' petrol is the only option that fits with cars."",
  ""confidence"": 0.9
}
```"
11-367,3,Strategy B,A,"I'm reading the sentence: 'The diminishing supply of this nonrenewable resource is leading to advancements in automotive technology.' First, I see the phrase 'nonrenewable resource,' but I have no idea what that actually means. I've never heard that term before, so I'll just ignore it for a second and look at the rest of the sentence. 'Diminishing supply' means something is running out. 'Advancements in automotive technology' clearly refers to cars and how they are built or powered. Now I look at the choices. B is coal, which I know is used for electricity or old trains, but not really cars. C is trees, and while we use wood for things, cars don't run on trees. D is steam, which is more of a process or a way to power an engine, not a 'resource' that you can run out of. A is petrol. I know that cars use petrol to run. If the supply of petrol is diminishing (running out), then scientists and engineers would have to invent new automotive technology, like electric cars or hybrids, to replace it. Even though I don't know what 'nonrenewable resource' means, petrol is the only option that makes sense in the context of cars and running out of fuel.",0.9,A,"```json
{
  ""answer"": ""A"",
  ""reasoning"": ""I'm reading the sentence: 'The diminishing supply of this nonrenewable resource is leading to advancements in automotive technology.' First, I see the phrase 'nonrenewable resource,' but I have no idea what that actually means. I've never heard that term before, so I'll just ignore it for a second and look at the rest of the sentence. 'Diminishing supply' means something is running out. 'Advancements in automotive technology' clearly refers to cars and how they are built or powered. Now I look at the choices. B is coal, which I know is used for electricity or old trains, but not really cars. C is trees, and while we use wood for things, cars don't run on trees. D is steam, which is more of a process or a way to power an engine, not a 'resource' that you can run out of. A is petrol. I know that cars use petrol to run. If the supply of petrol is diminishing (running out), then scientists and engineers would have to invent new automotive technology, like electric cars or hybrids, to replace it. Even though I don't know what 'nonrenewable resource' means, petrol is the only option that makes sense in the context of cars and running out of fuel."",
  ""confidence"": 0.9
}
```"
12-342,1,Strategy B,B,"I need to figure out what a 'thing' would require in order to 'expand.' First, I'll look at the options. Option A is 'nutriment.' I've heard of nutrients, but I don't see how that would make something expand; I don't really understand the connection between what something eats and its size increasing. Option B is 'pipes.' If you are expanding a system, like a water system in a house or a city's plumbing, you definitely need more pipes to make the system larger and reach more areas. That seems like a logical requirement for expansion. Option C is 'flounder,' which is a type of fish, and that makes no sense. Option D is 'conversation,' which is just talking, and that also doesn't make sense for something expanding. Between nutriment and pipes, pipes make more sense to me because I can visualize adding pipes to expand a physical network.",0.6,A,"```json
{
  ""answer"": ""B"",
  ""reasoning"": ""I need to figure out what a 'thing' would require in order to 'expand.' First, I'll look at the options. Option A is 'nutriment.' I've heard of nutrients, but I don't see how that would make something expand; I don't really understand the connection between what something eats and its size increasing. Option B is 'pipes.' If you are expanding a system, like a water system in a house or a city's plumbing, you definitely need more pipes to make the system larger and reach more areas. That seems like a logical requirement for expansion. Option C is 'flounder,' which is a type of fish, and that makes no sense. Option D is 'conversation,' which is just talking, and that also doesn't make sense for something expanding. Between nutriment and pipes, pipes make more sense to me because I can visualize adding pipes to expand a physical network."",
  ""confidence"": 0.6
}
```"
12-342,2,Strategy B,B,"I need to figure out what a 'thing' requires to 'expand'. First, I'll look at the options. 'Flounder' is a fish and 'conversation' is talking, so neither of those make sense for something expanding. That leaves 'nutriment' and 'pipes'. I know that nutriment is basically food or nutrients. While I know people eat food, I don't specifically associate the act of eating with the physical process of 'expanding' in a scientific sense. However, when I think of things expanding—like a balloon, a tire, or a building's plumbing—I think of air or water being pushed into them. Pipes are used to move those things. If you want to expand something, you usually have to pump something into it, and you'd use pipes to do that. Therefore, pipes seem like the most logical requirement for expansion.",0.6,A,"```json
{
  ""answer"": ""B"",
  ""reasoning"": ""I need to figure out what a 'thing' requires to 'expand'. First, I'll look at the options. 'Flounder' is a fish and 'conversation' is talking, so neither of those make sense for something expanding. That leaves 'nutriment' and 'pipes'. I know that nutriment is basically food or nutrients. While I know people eat food, I don't specifically associate the act of eating with the physical process of 'expanding' in a scientific sense. However, when I think of things expanding—like a balloon, a tire, or a building's plumbing—I think of air or water being pushed into them. Pipes are used to move those things. If you want to expand something, you usually have to pump something into it, and you'd use pipes to do that. Therefore, pipes seem like the most logical requirement for expansion."",
  ""confidence"": 0.6
}
```"
12-342,3,Strategy B,A,"I'm looking at the question: 'If a thing is going to be able to expand, it will require'. First, I encounter the word 'expand'. I realize I don't actually know what 'expand' means—I've heard it before, but I can't define it or visualize what is happening when something 'expands'. Because I don't understand the core action, I have to look at the word 'require' and the available choices to see if any of them make sense as a general requirement. Choice A is 'nutriment'. I know that nutriment refers to food or nutrients, and I know from basic science that living things need nutrients to function. Choice B is 'pipes'. While some things have pipes, it doesn't seem like a universal requirement for a 'thing' to do something. Choice C is 'flounder', which I know is a type of fish, and Choice D is 'conversation', which is talking. Neither of those seems like a requirement for a scientific process. Since I don't know what 'expand' means, I'm guessing based on which option sounds most like a scientific necessity. 'Nutriment' sounds like the most plausible requirement for a 'thing' in a science context, even though I don't understand how it relates to the word 'expand'.",0.4,A,"```json
{
  ""answer"": ""A"",
  ""reasoning"": ""I'm looking at the question: 'If a thing is going to be able to expand, it will require'. First, I encounter the word 'expand'. I realize I don't actually know what 'expand' means—I've heard it before, but I can't define it or visualize what is happening when something 'expands'. Because I don't understand the core action, I have to look at the word 'require' and the available choices to see if any of them make sense as a general requirement. Choice A is 'nutriment'. I know that nutriment refers to food or nutrients, and I know from basic science that living things need nutrients to function. Choice B is 'pipes'. While some things have pipes, it doesn't seem like a universal requirement for a 'thing' to do something. Choice C is 'flounder', which I know is a type of fish, and Choice D is 'conversation', which is talking. Neither of those seems like a requirement for a scientific process. Since I don't know what 'expand' means, I'm guessing based on which option sounds most like a scientific necessity. 'Nutriment' sounds like the most plausible requirement for a 'thing' in a science context, even though I don't understand how it relates to the word 'expand'."",
  ""confidence"": 0.4
}
```"
1944,1,Strategy B,B,"First, I look at the term 'condensation over night.' I've heard the word 'condensation' before, and I associate it with moisture or water droplets, but I'm not exactly sure how it happens or where the water comes from. I'll look at the options. Option A says 'extremely dry conditions,' but condensation sounds like it involves water, so it can't be dry. Option C says it 'causes plants to wilt and die,' but usually, water is good for plants, so that doesn't seem right. Option D mentions 'black ice on bridges.' I know ice is frozen water, and it happens when it's very cold, but 'condensation' feels more like the liquid water I see on the grass in the morning rather than ice. I remember that the grass is often wet and slippery when I wake up, even if it didn't rain. Since I don't know the actual science of how gas turns into liquid, I'm relying on my memory of seeing dew on the lawn. Therefore, 'slippery grass' is the most likely result of this overnight moisture.",0.7,B,"```json
{
  ""answer"": ""B"",
  ""reasoning"": ""First, I look at the term 'condensation over night.' I've heard the word 'condensation' before, and I associate it with moisture or water droplets, but I'm not exactly sure how it happens or where the water comes from. I'll look at the options. Option A says 'extremely dry conditions,' but condensation sounds like it involves water, so it can't be dry. Option C says it 'causes plants to wilt and die,' but usually, water is good for plants, so that doesn't seem right. Option D mentions 'black ice on bridges.' I know ice is frozen water, and it happens when it's very cold, but 'condensation' feels more like the liquid water I see on the grass in the morning rather than ice. I remember that the grass is often wet and slippery when I wake up, even if it didn't rain. Since I don't know the actual science of how gas turns into liquid, I'm relying on my memory of seeing dew on the lawn. Therefore, 'slippery grass' is the most likely result of this overnight moisture."",
  ""confidence"": 0.7
}
```"
1944,2,Strategy B,B,"First, I look at the word 'condensation'. I don't really know the scientific rule for how it happens or anything about 'dew points', but I remember seeing water droplets on the outside of a cold soda can or on the bathroom mirror after a shower. So, condensation basically means 'water appearing on a surface'. Now I look at the choices. Choice A says it leads to 'dry conditions', but if condensation is water appearing, that's the opposite of dry, so A is wrong. Choice C says it makes plants 'wilt and die', but plants usually need water to survive, so having water on them shouldn't kill them. Choice D mentions 'black ice on bridges'. I know ice is frozen water, and condensation is water, but black ice usually happens when it's freezing cold. The question just says 'over night', not necessarily freezing. Choice B says 'slippery grass'. I know that in the morning, the grass is often wet even if it didn't rain—my parents call that 'dew'. Since dew is just water on the grass, and water makes things slippery, this matches my observation of what happens overnight. I'm not 100% sure about the physics, but B makes the most sense based on what I've seen.",0.8,B,"```json
{
  ""answer"": ""B"",
  ""reasoning"": ""First, I look at the word 'condensation'. I don't really know the scientific rule for how it happens or anything about 'dew points', but I remember seeing water droplets on the outside of a cold soda can or on the bathroom mirror after a shower. So, condensation basically means 'water appearing on a surface'. Now I look at the choices. Choice A says it leads to 'dry conditions', but if condensation is water appearing, that's the opposite of dry, so A is wrong. Choice C says it makes plants 'wilt and die', but plants usually need water to survive, so having water on them shouldn't kill them. Choice D mentions 'black ice on bridges'. I know ice is frozen water, and condensation is water, but black ice usually happens when it's freezing cold. The question just says 'over night', not necessarily freezing. Choice B says 'slippery grass'. I know that in the morning, the grass is often wet even if it didn't rain—my parents call that 'dew'. Since dew is just water on the grass, and water makes things slippery, this matches my observation of what happens overnight. I'm not 100% sure about the physics, but B makes the most sense based on what I've seen."",
  ""confidence"": 0.8
}
```"
1944,3,Strategy B,B,"I'm looking at the word 'condensation.' I don't actually know the scientific definition of that word, and I'm not sure how it relates to temperature or how water changes form. I'll try to use what I've noticed in real life. Option A says it leads to 'extremely dry conditions,' but usually, the air feels damp or moist in the morning, not dry, so that doesn't seem right. Option C says it makes plants wilt and die, but I know that plants need water to live, so having extra moisture on them probably wouldn't kill them. Option D mentions 'black ice,' and while I know ice is slippery, I don't know if 'condensation' is the same thing as freezing. However, I do remember that when I walk outside early in the morning, the grass is often wet and slippery, even if it didn't rain. I've heard the word 'condensation' used when talking about water droplets on a cold drink or a window, so I'll guess that it's the same thing that makes the grass wet. Therefore, slippery grass is the most likely result.",0.6,B,"```json
{
  ""answer"": ""B"",
  ""reasoning"": ""I'm looking at the word 'condensation.' I don't actually know the scientific definition of that word, and I'm not sure how it relates to temperature or how water changes form. I'll try to use what I've noticed in real life. Option A says it leads to 'extremely dry conditions,' but usually, the air feels damp or moist in the morning, not dry, so that doesn't seem right. Option C says it makes plants wilt and die, but I know that plants need water to live, so having extra moisture on them probably wouldn't kill them. Option D mentions 'black ice,' and while I know ice is slippery, I don't know if 'condensation' is the same thing as freezing. However, I do remember that when I walk outside early in the morning, the grass is often wet and slippery, even if it didn't rain. I've heard the word 'condensation' used when talking about water droplets on a cold drink or a window, so I'll guess that it's the same thing that makes the grass wet. Therefore, slippery grass is the most likely result."",
  ""confidence"": 0.6
}
```"
10-232,1,Strategy B,C,"First, I look at the question: 'A renewable resource you can find on Earth.' I'm not entirely sure what 'renewable' means in a science sense, but I think it has something to do with things we can use. Now I look at the choices. Choice A is 'stars,' but stars are in space, not 'on Earth,' so that can't be right. Choice B is 'Oil' and Choice D is 'fossil fuels.' I know that oil is a type of fossil fuel, so since they are basically the same thing, it's unlikely that one is the right answer and the other is wrong. That leaves Choice C, 'sand clay.' I know that there is a huge amount of sand and clay on Earth—like at the beach or in the ground—and it seems like it's always there no matter how much we use. Since I don't know the specific rule for what makes something 'renewable,' I'll assume it means something that is naturally abundant and doesn't seem to run out.",0.6,C,"```json
{
  ""answer"": ""C"",
  ""reasoning"": ""First, I look at the question: 'A renewable resource you can find on Earth.' I'm not entirely sure what 'renewable' means in a science sense, but I think it has something to do with things we can use. Now I look at the choices. Choice A is 'stars,' but stars are in space, not 'on Earth,' so that can't be right. Choice B is 'Oil' and Choice D is 'fossil fuels.' I know that oil is a type of fossil fuel, so since they are basically the same thing, it's unlikely that one is the right answer and the other is wrong. That leaves Choice C, 'sand clay.' I know that there is a huge amount of sand and clay on Earth—like at the beach or in the ground—and it seems like it's always there no matter how much we use. Since I don't know the specific rule for what makes something 'renewable,' I'll assume it means something that is naturally abundant and doesn't seem to run out."",
  ""confidence"": 0.6
}
```"
10-232,2,Strategy B,C,"I'm looking at the question: 'A renewable resource you can find on Earth is'. I don't actually know what 'renewable' means in a science sense, but I'll try to figure it out from the word itself. 'Renew' sounds like something that can be made new again or something that is always there. First, I'll look at the choices. Choice A is 'stars'. The question says 'find on Earth', and stars are in the sky, not on Earth, so that can't be it. Choice B is 'Oil' and Choice D is 'fossil fuels'. I remember from school that oil is a type of fossil fuel, so these two are basically the same thing. Usually, if two answers are the same, neither of them is the correct one. That leaves Choice C, 'sand clay'. I see sand at the beach and clay in the ground all the time. There seems to be an endless amount of it just lying around on the Earth's surface. Since I don't know the exact definition of 'renewable', I'll guess that it refers to something that is abundant and always available, which fits sand and clay better than oil, which you have to drill deep underground to find.",0.5,C,"```json
{
  ""answer"": ""C"",
  ""reasoning"": ""I'm looking at the question: 'A renewable resource you can find on Earth is'. I don't actually know what 'renewable' means in a science sense, but I'll try to figure it out from the word itself. 'Renew' sounds like something that can be made new again or something that is always there. First, I'll look at the choices. Choice A is 'stars'. The question says 'find on Earth', and stars are in the sky, not on Earth, so that can't be it. Choice B is 'Oil' and Choice D is 'fossil fuels'. I remember from school that oil is a type of fossil fuel, so these two are basically the same thing. Usually, if two answers are the same, neither of them is the correct one. That leaves Choice C, 'sand clay'. I see sand at the beach and clay in the ground all the time. There seems to be an endless amount of it just lying around on the Earth's surface. Since I don't know the exact definition of 'renewable', I'll guess that it refers to something that is abundant and always available, which fits sand and clay better than oil, which you have to drill deep underground to find."",
  ""confidence"": 0.5
}
```"
10-232,3,Strategy B,C,"I'm looking for a 'renewable resource' found on Earth. I don't actually know what a 'renewable resource' is, but the word 'renewable' sounds like something that can be renewed or something that doesn't run out. First, I'll look at the choices. Choice A is 'stars,' but the question says 'find on Earth,' and stars are in space, so that can't be right. Choice B is 'Oil' and Choice D is 'fossil fuels.' I remember hearing on the news that we are running out of oil and that fossil fuels are limited, so if they are running out, they probably aren't 'renewable.' That leaves Choice C, 'sand clay.' I see sand at the beach and clay in the ground everywhere. It seems like there is so much of it that it would never run out, so it fits my idea of something that is 'renewable' better than the others.",0.6,C,"```json
{
  ""answer"": ""C"",
  ""reasoning"": ""I'm looking for a 'renewable resource' found on Earth. I don't actually know what a 'renewable resource' is, but the word 'renewable' sounds like something that can be renewed or something that doesn't run out. First, I'll look at the choices. Choice A is 'stars,' but the question says 'find on Earth,' and stars are in space, so that can't be right. Choice B is 'Oil' and Choice D is 'fossil fuels.' I remember hearing on the news that we are running out of oil and that fossil fuels are limited, so if they are running out, they probably aren't 'renewable.' That leaves Choice C, 'sand clay.' I see sand at the beach and clay in the ground everywhere. It seems like there is so much of it that it would never run out, so it fits my idea of something that is 'renewable' better than the others."",
  ""confidence"": 0.6
}
```"
10-138,1,Strategy B,C,"First, I look at the question: 'A fan pushes air with'. I know what a fan is because I see them in my house. Now I look at the options. Option A is 'forks'—that doesn't make sense, forks are for eating. Option B is 'straw'—straws are for drinking liquids, and a fan doesn't look like a straw. Option D is 'lumber'—lumber is wood used for building, and while a fan might have a plastic or metal frame, the part that actually moves the air isn't just a block of wood. Now I look at Option C: 'rotating flat surface'. I remember that fans have blades that spin around and around. A blade is basically a flat surface, and 'rotating' means spinning. Since I don't know the specific science of how air pressure works or how fluid dynamics move air, I'm just matching the description to what a fan looks like and does. The blades are flat and they rotate, so this must be the right answer.",0.9,C,"```json
{
  ""answer"": ""C"",
  ""reasoning"": ""First, I look at the question: 'A fan pushes air with'. I know what a fan is because I see them in my house. Now I look at the options. Option A is 'forks'—that doesn't make sense, forks are for eating. Option B is 'straw'—straws are for drinking liquids, and a fan doesn't look like a straw. Option D is 'lumber'—lumber is wood used for building, and while a fan might have a plastic or metal frame, the part that actually moves the air isn't just a block of wood. Now I look at Option C: 'rotating flat surface'. I remember that fans have blades that spin around and around. A blade is basically a flat surface, and 'rotating' means spinning. Since I don't know the specific science of how air pressure works or how fluid dynamics move air, I'm just matching the description to what a fan looks like and does. The blades are flat and they rotate, so this must be the right answer."",
  ""confidence"": 0.9
}
```"
10-138,2,Strategy B,C,"First, I look at the question: 'A fan pushes air with'. I need to figure out which of these things is part of a fan or helps it work. I'll look at the options. Option A is 'forks'—that doesn't make sense, forks are for eating. Option B is 'straw'—I use straws for drinking, and while air can go through a straw, a fan isn't made of straws. Option D is 'lumber'—that's just wood. Some fans might have wooden parts, but the wood itself doesn't push the air. Now I look at Option C: 'rotating flat surface'. I know that when I turn on a fan, the blades spin around and around. 'Rotating' means spinning, and the blades are kind of like flat surfaces. I don't really understand the science of how spinning something actually makes the air move toward me, but since the other options are clearly wrong and fans definitely rotate, this must be the right answer.",0.8,C,"```json
{
  ""answer"": ""C"",
  ""reasoning"": ""First, I look at the question: 'A fan pushes air with'. I need to figure out which of these things is part of a fan or helps it work. I'll look at the options. Option A is 'forks'—that doesn't make sense, forks are for eating. Option B is 'straw'—I use straws for drinking, and while air can go through a straw, a fan isn't made of straws. Option D is 'lumber'—that's just wood. Some fans might have wooden parts, but the wood itself doesn't push the air. Now I look at Option C: 'rotating flat surface'. I know that when I turn on a fan, the blades spin around and around. 'Rotating' means spinning, and the blades are kind of like flat surfaces. I don't really understand the science of how spinning something actually makes the air move toward me, but since the other options are clearly wrong and fans definitely rotate, this must be the right answer."",
  ""confidence"": 0.8
}
```"
10-138,3,Strategy B,C,"I need to figure out what a fan uses to push air. First, I'll look at the options. Option A is 'forks'—I use forks to eat, and they don't seem like they would move air in a fan. Option B is 'straw,' which is for drinking liquids, not for pushing air in a machine. Option D is 'lumber,' which is just wood used for building things like houses; a fan isn't made of big pieces of lumber. That leaves Option C, 'rotating flat surface.' I'm not exactly sure what 'rotating' means in a scientific way, and I don't understand how a surface moving would actually make the air move toward me, but I know that fans have blades, and blades are basically flat surfaces. Since the other three options are definitely wrong, this must be the right one, even though I don't understand the physics of how the spinning part works.",0.8,C,"```json
{
  ""answer"": ""C"",
  ""reasoning"": ""I need to figure out what a fan uses to push air. First, I'll look at the options. Option A is 'forks'—I use forks to eat, and they don't seem like they would move air in a fan. Option B is 'straw,' which is for drinking liquids, not for pushing air in a machine. Option D is 'lumber,' which is just wood used for building things like houses; a fan isn't made of big pieces of lumber. That leaves Option C, 'rotating flat surface.' I'm not exactly sure what 'rotating' means in a scientific way, and I don't understand how a surface moving would actually make the air move toward me, but I know that fans have blades, and blades are basically flat surfaces. Since the other three options are definitely wrong, this must be the right one, even though I don't understand the physics of how the spinning part works."",
  ""confidence"": 0.8
}
```"
10-23,1,Strategy B,A,"First, I need to look at what the question is asking for: a 'system of tubes' that moves 'water and nutrients.' I'll look at the options. B is a door, C is a table, and D is a rock. None of those are alive, so they don't need water or nutrients to survive, and they definitely don't have tubes inside them. That leaves A, a lily. A lily is a plant, and I know that plants are living things that need water and nutrients to grow. Even though I don't remember learning about specific tubes inside a plant, it's the only option that is a living organism. Therefore, it must be the one that has a way to move water and nutrients around.",0.9,A,"```json
{
  ""answer"": ""A"",
  ""reasoning"": ""First, I need to look at what the question is asking for: a 'system of tubes' that moves 'water and nutrients.' I'll look at the options. B is a door, C is a table, and D is a rock. None of those are alive, so they don't need water or nutrients to survive, and they definitely don't have tubes inside them. That leaves A, a lily. A lily is a plant, and I know that plants are living things that need water and nutrients to grow. Even though I don't remember learning about specific tubes inside a plant, it's the only option that is a living organism. Therefore, it must be the one that has a way to move water and nutrients around."",
  ""confidence"": 0.9
}
```"
10-23,2,Strategy B,A,"First, I look at the requirements mentioned in the question: 'a system of tubes' that 'relocates water and nutrients.' I start by looking at the choices. B (a door), C (a table), and D (a rock) are all inanimate objects. I know from basic science that non-living things don't need water or nutrients to function or grow, so they wouldn't have any system to move those things around. That leaves A (a lily). A lily is a plant, and I know that plants need water and nutrients to stay alive. While I don't actually know if plants have 'tubes' inside them—I've never seen any tubes when looking at a flower—it's the only living thing on the list. Since living things are the only ones that use nutrients and water, the lily must be the correct answer by process of elimination.",0.9,A,"```json
{
  ""answer"": ""A"",
  ""reasoning"": ""First, I look at the requirements mentioned in the question: 'a system of tubes' that 'relocates water and nutrients.' I start by looking at the choices. B (a door), C (a table), and D (a rock) are all inanimate objects. I know from basic science that non-living things don't need water or nutrients to function or grow, so they wouldn't have any system to move those things around. That leaves A (a lily). A lily is a plant, and I know that plants need water and nutrients to stay alive. While I don't actually know if plants have 'tubes' inside them—I've never seen any tubes when looking at a flower—it's the only living thing on the list. Since living things are the only ones that use nutrients and water, the lily must be the correct answer by process of elimination."",
  ""confidence"": 0.9
}
```"
10-23,3,Strategy B,A,"I need to find something that has a 'system of tubes' to move 'water and nutrients.' First, I'll look at the choices. A door (B) is just a flat object used to close a room; it doesn't have tubes or use nutrients. A table (C) is just furniture; it doesn't move water around. A rock (D) is a solid piece of stone; it doesn't have any internal systems or need nutrients. That leaves the lily (A). I know a lily is a plant, and I know that plants need water to stay alive. While I don't know anything about how plants are built on the inside or if they have specific 'tubes' for nutrients, it is the only option that is a living thing. Since the other three are just inanimate objects that definitely don't have tubes or use nutrients, the lily must be the correct answer by process of elimination.",0.7,A,"```json
{
  ""answer"": ""A"",
  ""reasoning"": ""I need to find something that has a 'system of tubes' to move 'water and nutrients.' First, I'll look at the choices. A door (B) is just a flat object used to close a room; it doesn't have tubes or use nutrients. A table (C) is just furniture; it doesn't move water around. A rock (D) is a solid piece of stone; it doesn't have any internal systems or need nutrients. That leaves the lily (A). I know a lily is a plant, and I know that plants need water to stay alive. While I don't know anything about how plants are built on the inside or if they have specific 'tubes' for nutrients, it is the only option that is a living thing. Since the other three are just inanimate objects that definitely don't have tubes or use nutrients, the lily must be the correct answer by process of elimination."",
  ""confidence"": 0.7
}
```"
10-963,1,Strategy B,D,"I need to find something that can protect my eyes from the sun. I know the sun is very bright and can be blinding. Let's look at the options. A: shoes—those go on my feet, so they can't help my eyes. B: pants—those go on my legs, so they can't help my eyes. C: nails—those are part of my fingers and toes, they can't block the sun. D: sheet of paper—if I hold a piece of paper up in front of my face, it blocks the sunlight and creates a shadow over my eyes. Since I don't know about special UV-blocking materials, I'm just looking for something that can physically block the light. The paper is the only object listed that I could actually use to shield my eyes from the glare.",0.8,D,"```json
{
  ""answer"": ""D"",
  ""reasoning"": ""I need to find something that can protect my eyes from the sun. I know the sun is very bright and can be blinding. Let's look at the options. A: shoes—those go on my feet, so they can't help my eyes. B: pants—those go on my legs, so they can't help my eyes. C: nails—those are part of my fingers and toes, they can't block the sun. D: sheet of paper—if I hold a piece of paper up in front of my face, it blocks the sunlight and creates a shadow over my eyes. Since I don't know about special UV-blocking materials, I'm just looking for something that can physically block the light. The paper is the only object listed that I could actually use to shield my eyes from the glare."",
  ""confidence"": 0.8
}
```"
10-963,2,Strategy B,D,"I need to find something that can protect my eyes from the sun. First, I'll look at the options. Choice A is shoes, but shoes are for my feet, so that doesn't make sense for my eyes. Choice B is pants, but pants are for my legs, so that's not right either. Choice C is nails, which are just part of my fingers and toes; they can't protect my eyes. That leaves Choice D, a sheet of paper. I don't really know if paper is supposed to be used for the sun, and I'm not sure how it would actually work to protect my eyes, but it's the only object on the list that I could actually hold up in front of my face. Since the other three options are definitely for other parts of the body, the paper must be the answer by process of elimination.",0.5,D,"```json
{
  ""answer"": ""D"",
  ""reasoning"": ""I need to find something that can protect my eyes from the sun. First, I'll look at the options. Choice A is shoes, but shoes are for my feet, so that doesn't make sense for my eyes. Choice B is pants, but pants are for my legs, so that's not right either. Choice C is nails, which are just part of my fingers and toes; they can't protect my eyes. That leaves Choice D, a sheet of paper. I don't really know if paper is supposed to be used for the sun, and I'm not sure how it would actually work to protect my eyes, but it's the only object on the list that I could actually hold up in front of my face. Since the other three options are definitely for other parts of the body, the paper must be the answer by process of elimination."",
  ""confidence"": 0.5
}
```"
10-963,3,Strategy B,D,"I see the question asks how to protect 'eyes' from the 'sun'. I'm not really sure what eyes are for or why the sun would be a problem for them, and I don't know anything about rays or how light works. I'll look at the choices to see if any of them make sense. Choice A is shoes, but those go on my feet. Choice B is pants, but those go on my legs. Choice C is nails, which are just part of my fingers. Choice D is a sheet of paper. Since I don't know why the eyes need protection, I'm just thinking about which of these things I could actually put near my face. I can't wear shoes or pants on my face, and I can't really use my nails to cover anything. I can hold a piece of paper up in front of me. Even though I don't understand how it would 'protect' anything, it's the only object here that I can move around and place in front of my eyes.",0.5,D,"```json
{
  ""answer"": ""D"",
  ""reasoning"": ""I see the question asks how to protect 'eyes' from the 'sun'. I'm not really sure what eyes are for or why the sun would be a problem for them, and I don't know anything about rays or how light works. I'll look at the choices to see if any of them make sense. Choice A is shoes, but those go on my feet. Choice B is pants, but those go on my legs. Choice C is nails, which are just part of my fingers. Choice D is a sheet of paper. Since I don't know why the eyes need protection, I'm just thinking about which of these things I could actually put near my face. I can't wear shoes or pants on my face, and I can't really use my nails to cover anything. I can hold a piece of paper up in front of me. Even though I don't understand how it would 'protect' anything, it's the only object here that I can move around and place in front of my eyes."",
  ""confidence"": 0.5
}
```"
